,Year,Pos,FG,FGA,3P,3PA,2P,2PA,FT,FTA,ORB,DRB,TRB,AST,STL,BLK,TOV,PF,PTS,college_flag,FT%,3P%,2P%
0,1976.0,C,3.801638784568112,8.02765448958689,0.0,0.0,3.801638784568112,8.02765448958689,1.7804711505633322,2.5636736087401846,2.173779446910208,5.351655855240696,7.525435302150905,1.9832707408671901,0.6285421645612838,1.0399453738477296,0.0,2.6466370775008534,9.383748719699556,50.0,0.6944999334132373,,0.47356781354995103
1,1976.0,PF,3.9619352543578796,8.614727854855923,0.0,0.0,3.9619352543578796,8.614727854855923,1.9935965848452508,2.8306652436855213,1.9967982924226253,4.622554251156172,6.619352543578797,1.5613660618996799,0.744219139096407,0.5635005336179295,0.0,2.7004624688722876,9.91746709356101,45.0,0.7042855347492774,,0.4599025437727122
2,1976.0,PG,4.67583677212288,10.480513525905549,0.0,0.0,4.67583677212288,10.480513525905549,2.3099495644199908,2.986244841815681,0.8569463548830811,2.0082530949105917,2.8651994497936726,4.247592847317744,1.3823933975240714,0.17377349839523154,0.0,2.5025217790004586,11.661623108665749,36.0,0.7735298633502227,,0.4461457695336425
3,1976.0,SF,4.080449301760777,8.982999392835458,0.0,0.0,4.080449301760777,8.982999392835458,1.9650880388585306,2.5106253794778386,1.3679417122040072,2.8293867638129933,4.197328476017001,1.6982392228293868,0.8482088646023073,0.27018822100789314,0.0,2.4198542805100183,10.125986642380084,56.0,0.7827085852478839,,0.4542412977357215
4,1976.0,SG,4.5656965244419325,9.946877649053405,0.0,0.0,4.5656965244419325,9.946877649053405,2.1319581802769143,2.6883300367335408,0.8013563153433173,1.8084204577564285,2.6097767730997457,2.512856739191862,0.9689177733823114,0.18338513704436282,0.0,2.2277479513987,11.26335122916078,60.0,0.7930418330880806,,0.45900801090847104
5,1977.0,C,3.9739178690344064,8.181742508324085,0.0,0.0,3.9739178690344064,8.181742508324085,2.0185904550499445,2.8523862375138735,2.2619311875693673,5.187291897891232,7.449223085460599,1.7791342952275249,0.6498335183129855,1.177857935627081,0.0,2.895671476137625,9.966426193118757,59.0,0.7076848249027237,,0.4857055651643097
6,1977.0,PF,4.317680339462518,9.285997171145686,0.0,0.0,4.317680339462518,9.285997171145686,2.1437057991513435,2.9847241867043848,2.1745403111739745,4.522206506364922,6.696746817538897,1.5762376237623763,0.8602545968882602,0.6376237623762376,0.0,2.8495049504950494,10.779066478076379,63.0,0.7182257605914131,,0.46496679461402546
7,1977.0,PG,3.849451966473243,8.485170857511283,0.0,0.0,3.849451966473243,8.485170857511283,1.9071566731141198,2.471631205673759,0.7137330754352031,1.7092198581560283,2.4229529335912314,4.104126370083817,1.3136686009026435,0.15731785944551901,0.0,2.243068987749839,9.606060606060606,54.0,0.7716186252771619,,0.45366817370160706
8,1977.0,SF,4.132899179932465,8.881813796430293,0.0,0.0,4.132899179932465,8.881813796430293,2.0110950313555236,2.581765557163531,1.3663772310660878,2.6951278340569225,4.0615050651230105,1.736854799807043,0.8094548962855764,0.30101302460202606,0.0,2.2583212735166427,10.276893391220453,67.0,0.7789611360239164,,0.46532152943732347
9,1977.0,SG,4.728869653767821,10.328156822810591,0.0,0.0,4.728869653767821,10.328156822810591,2.1624236252545823,2.7599287169042768,0.8312118126272913,1.7174134419551934,2.548625254582485,2.830957230142566,1.0417515274949083,0.23421588594704684,0.0,2.20010183299389,11.620162932790224,72.0,0.7835070565445992,,0.4578619142695161
10,1978.0,C,4.442365721182861,9.073928786964393,0.0,0.0,4.442365721182861,9.073928786964393,2.2933011466505735,3.2287266143633073,2.392275196137598,5.598974049487024,7.991249245624623,1.9788774894387446,0.7308388654194327,1.2060953530476766,2.1475558237779118,3.043452021726011,11.178032589016295,54.0,0.7102803738317757,,0.4895746732732533
11,1978.0,PF,3.977272727272727,8.574461722488039,0.0,0.0,3.977272727272727,8.574461722488039,2.0601076555023923,2.897727272727273,2.1004784688995217,4.52811004784689,6.628588516746412,1.659988038277512,0.8280502392344498,0.6677631578947368,1.9407894736842106,2.8690191387559807,10.014653110047847,62.0,0.7109391124871001,,0.46385100966065634
12,1978.0,PG,3.7951696728829103,8.361357383063284,0.0,0.0,3.7951696728829103,8.361357383063284,1.823907062060532,2.3778660959951083,0.6887801895444818,1.7401406297768267,2.4289208193213083,4.258025068786304,1.3265056557627637,0.1681442983797004,2.1699785998165697,2.264750840721492,9.414246407826353,56.0,0.7670352275649268,,0.45389396709323576
13,1978.0,SF,4.555258033106134,9.649951314508277,0.0,0.0,4.555258033106134,9.649951314508277,2.216893865628043,2.8751217137293086,1.6287731256085687,3.029941577409932,4.6587147030185,2.0129016553067185,0.9118792599805258,0.3578383641674781,1.794790652385589,2.4357351509250242,11.327409931840311,72.0,0.7710608754550843,,0.472049846122799
14,1978.0,SG,5.247567567567567,11.297297297297296,0.0,0.0,5.247567567567567,11.297297297297296,2.424324324324324,3.043783783783784,0.8535135135135136,1.647027027027027,2.5005405405405408,2.940810810810811,1.094054054054054,0.2716216216216216,2.081081081081081,2.2418918918918918,12.919459459459459,75.0,0.7964837506659562,,0.4644976076555024
15,1979.0,C,4.264575235980011,8.466685174902832,0.0,0.0,4.264575235980011,8.466685174902832,2.0810660744031093,2.908661854525264,2.292059966685175,5.127984453081622,7.420044419766796,1.984175458078845,0.6510272071071627,1.1679622431982233,1.9969461410327596,2.99305941143809,10.610216546363132,58.0,0.7154719862556075,,0.5036888874315507
16,1979.0,PF,4.38887171561051,8.977434312210201,0.0,0.0,4.38887171561051,8.977434312210201,2.0921174652241112,2.974652241112828,2.1727975270479134,4.310355486862442,6.483153013910355,1.7054095826893354,0.7956723338485316,0.7202472952086554,1.945595054095827,2.9112828438948997,10.86986089644513,56.0,0.7033149745401642,,0.4888781764341299
17,1979.0,PG,4.44555620953502,9.508828722778105,0.0,0.0,4.44555620953502,9.508828722778105,2.2748675691583284,2.90759270158917,0.6806945261918775,1.5782813419658623,2.25897586815774,4.633019423190111,1.3372572101236022,0.18569746909947027,2.29605650382578,2.4084755738669807,11.16597998822837,54.0,0.7823886639676113,,0.46751880164649806
18,1979.0,SF,4.697945726604108,9.469693127060614,0.0,0.0,4.697945726604108,9.469693127060614,2.2954603094090795,3.0408318539183363,1.545016484909967,2.967791022064418,4.512807506974385,2.1828556936342887,0.9094598021810804,0.4118691351762617,1.8871417702257165,2.4656353030687295,11.691351762617296,68.0,0.7548790658882403,,0.496103270039369
19,1979.0,SG,4.744321329639889,10.050969529085872,0.0,0.0,4.744321329639889,10.050969529085872,2.0440443213296398,2.520775623268698,0.8559556786703602,1.4692520775623268,2.325207756232687,2.6182825484764543,0.9520775623268698,0.24404432132963988,1.7950138504155124,2.098337950138504,11.532686980609418,66.0,0.8108791208791208,,0.47202623746003747
20,1980.0,C,4.297313797313797,8.484737484737485,0.0030525030525030525,0.028998778998779,4.294261294261294,8.455738705738705,2.1694139194139193,2.9984737484737485,2.292124542124542,5.105311355311355,7.397435897435898,2.1022588522588523,0.6999389499389499,1.1065323565323566,1.9081196581196582,2.972832722832723,10.767094017094017,57.0,0.7235060572126641,0.10526315789473684,0.5078517021046172
21,1980.0,PF,4.047753602712631,8.435998869737213,0.03645097485165301,0.138739756993501,4.011302627860978,8.297259112743713,2.069793727041537,2.894320429499859,2.0477536027126306,4.056513139304888,6.104266742017519,1.6490534049166432,0.7787510596213619,0.7140435151172647,1.8445888669115569,2.7849675049448996,10.201751907318451,65.0,0.7151225226984281,0.26272912423625255,0.48344912137310997
22,1980.0,PG,3.690767851807589,8.02061547654616,0.1141320585599044,0.4218703316402749,3.5766357932476844,7.598745144905886,1.9453241708993128,2.442784583208844,0.6585001493875112,1.4756498356737378,2.134149985061249,4.33970720047804,1.2357334926800119,0.15386913654018525,1.9629518972213922,2.1105467582910067,9.440991933074395,56.0,0.7963551859099803,0.2705382436260623,0.47068768922266346
23,1980.0,SF,4.932270916334661,10.082171314741036,0.06299800796812749,0.23331673306772907,4.869272908366534,9.848854581673306,2.2661852589641436,2.8842131474103585,1.676792828685259,2.9576693227091635,4.634462151394422,2.212151394422311,0.9743525896414342,0.4743525896414343,1.842878486055777,2.4591633466135456,12.193725099601593,68.0,0.7857204523871191,0.2700106723585913,0.49439991909589664
24,1980.0,SG,5.163682864450128,10.950554134697358,0.178743961352657,0.5876669508383063,4.984938903097471,10.362887183859051,2.3648763853367436,2.9516908212560384,0.9863597612958227,1.7055981813015062,2.6919579425973286,2.965331059960216,1.1068485365160556,0.28104575163398693,1.9454390451832908,2.107701051435067,12.870986075589656,67.0,0.8011937999422356,0.3041586073500967,0.4810376504785148
25,1981.0,C,4.175601750547046,8.236323851203501,0.0038293216630196935,0.024070021881838075,4.171772428884026,8.212253829321662,2.24617067833698,3.12718818380744,2.094912472647702,4.572210065645514,6.667122538293216,1.8159190371991247,0.6094091903719913,1.0686542669584245,1.8435448577680524,2.9165754923413565,10.601203501094092,59.0,0.7182716697279804,0.1590909090909091,0.5079936051159073
26,1981.0,PF,4.01025641025641,8.206477732793521,0.012955465587044534,0.07719298245614035,3.997300944669366,8.129284750337382,2.0342780026990552,2.9303643724696355,2.0539811066126856,4.1219973009446695,6.175978407557355,1.6345479082321188,0.7678812415654521,0.7654520917678812,1.7846153846153847,2.9390013495276652,10.06774628879892,66.0,0.694206502717141,0.1678321678321678,0.4917161924366679
27,1981.0,PG,3.7708683473389355,8.055742296918767,0.08179271708683473,0.3403361344537815,3.689075630252101,7.715406162464986,1.9551820728291316,2.4719887955182074,0.6184873949579832,1.4739495798319329,2.092436974789916,4.353221288515406,1.1985994397759103,0.16666666666666666,2.0585434173669466,2.2851540616246497,9.578711484593837,64.0,0.7909348441926345,0.24032921810699587,0.478144060412431
28,1981.0,SF,4.7549288744696785,9.736960319440978,0.028949338657349638,0.1287746443723484,4.725979535812328,9.60818567506863,2.327926129273771,3.039181432493137,1.5989518342899924,2.7746443723483902,4.373596206638383,2.234090341901672,0.9064137758921886,0.44222610431744447,1.7766408784626904,2.4412278512602943,11.866733216870477,67.0,0.7659714238791263,0.22480620155038758,0.4918701298701299
29,1981.0,SG,5.0029931972789115,10.469931972789116,0.12680272108843538,0.46530612244897956,4.876190476190477,10.004625850340137,2.4062585034013604,3.0443537414965984,0.9668027210884353,1.6884353741496598,2.6552380952380954,2.9512925170068027,1.0829931972789115,0.25197278911564625,1.9001360544217687,2.1151020408163266,12.539047619047619,68.0,0.7904004290311047,0.27251461988304093,0.48739358664019367
30,1982.0,C,4.11930405965203,8.021541010770505,0.006075669704501519,0.030930682132007732,4.113228389947528,7.990610328638498,2.2098867716100523,3.03976801988401,2.007456503728252,4.4808064070698705,6.488262910798122,1.5122894228113781,0.556199944766639,1.1657000828500415,1.7553162109914389,2.9933719966859984,10.454570560618613,60.0,0.726991914236395,0.19642857142857145,0.5147577244763945
31,1982.0,PF,3.80891256962945,7.656817631387745,0.009203196899975782,0.05691450714458707,3.7997093727294744,7.599903124243158,1.8232017437636232,2.582465488011625,1.7938968273189635,3.8062484863162993,5.600145313635263,1.456284814725115,0.6597239040930007,0.7134899491402277,1.5691450714458706,2.8057641075320903,9.4502300799225,75.0,0.7059926849854639,0.16170212765957448,0.49996813256851497
32,1982.0,PG,4.121504339440694,8.797171327547412,0.12054001928640308,0.45387335261973644,4.000964320154291,8.343297974927676,1.8138862102217936,2.3641915782706526,0.5670202507232401,1.6415943426550947,2.2086145933783348,5.063966570234651,1.316618450658952,0.1523625843780135,1.934747669559627,2.3574413371906138,10.177434908389586,53.0,0.7672331747110809,0.26558073654390935,0.47954230235783635
33,1982.0,SF,4.503787009410145,8.997245811338077,0.035345421161349554,0.1443653890291485,4.468441588248795,8.852880422308928,2.227450080330503,2.9763598806518248,1.5740188202891898,2.6460867569428506,4.22010557723204,2.075281156759238,0.8239614413587331,0.3633233876520542,1.6676612347945834,2.5127381225613954,11.27036952031214,73.0,0.7483806292412092,0.24483306836248014,0.5047443741574199
34,1982.0,SG,4.584214408655028,9.63560363904598,0.1327760019670519,0.47209245143840667,4.451438406687976,9.163511187607574,2.2879272190804034,2.925006147037128,0.9198426358495205,1.566510941726088,2.4863535775756085,2.7423162035898696,0.9055815097123187,0.22301450700762232,1.669043521022867,2.125891320383575,11.589132038357512,75.0,0.7821956960322798,0.28125,0.4857786841257915
35,1983.0,C,3.8874692874692873,7.704176904176904,0.004422604422604423,0.03366093366093366,3.883046683046683,7.670515970515971,2.0090909090909093,2.8122850122850123,1.9793611793611794,4.257002457002457,6.236363636363636,1.5557739557739558,0.5754299754299754,1.1523341523341524,1.816953316953317,2.8673218673218672,9.788452088452088,77.0,0.7143980429844488,0.13138686131386862,0.5062301803388962
36,1983.0,PF,4.251817936978185,8.59332076488015,0.01858335577699973,0.09964987880420145,4.233234581201185,8.49367088607595,2.1238890385133313,2.970913008349044,2.057904659305144,4.233503905197953,6.291408564503097,1.6622677080527875,0.7611096148666846,0.7433342310799892,1.829517910045785,2.8833827093994073,10.646108268246701,73.0,0.7148943885413833,0.1864864864864865,0.4983987062815106
37,1983.0,PG,4.163780868577916,9.045415838773772,0.10729491910303718,0.4598353675844451,4.0564859494748795,8.585580471189328,1.98552370139086,2.5747942094805563,0.6221969912006813,1.5972182798751065,2.2194152710757877,4.944365597502129,1.3068407607152994,0.14731762702242407,2.1637808685779167,2.206642066420664,10.42038035764973,57.0,0.7711387939587697,0.2333333333333333,0.47247660925050416
38,1983.0,SF,4.61740793878527,9.429459588713534,0.05117168818747011,0.20468675274988044,4.5662362505978,9.224772835963654,2.079866092778575,2.790052606408417,1.5621712099473937,2.5609756097560976,4.123146819703491,1.9818268770923004,0.7950741272118603,0.39717838354854135,1.7252510760401722,2.4167862266857965,11.365853658536585,69.0,0.7454576619814879,0.25,0.49499714863393646
39,1983.0,SG,4.329309892416688,9.061663605352926,0.08711624245604828,0.331933875623196,4.24219364996064,8.72972972972973,2.024927840461821,2.655471004985568,0.9309892416688533,1.7058514825505118,2.636840724219365,2.794804513251115,0.9658882183154028,0.24560482812909998,1.7131986355287325,2.1296247704014695,10.770663867751246,64.0,0.7625494071146245,0.26245059288537553,0.485947879407256
40,1984.0,C,3.967186024551464,7.735127478753541,0.004957507082152974,0.034702549575070823,3.9622285174693106,7.70042492917847,2.214589235127479,3.0299811142587347,1.9185552407932012,4.223796033994335,6.1423512747875355,1.4879603399433428,0.5507554296506137,1.0389518413597734,1.7353635505193579,2.8814919735599624,10.15391879131256,65.0,0.7308920919361123,0.14285714285714285,0.5145467365645789
41,1984.0,PF,3.768355739400207,7.460444674250258,0.016028955532574975,0.08247156153050672,3.7523267838676317,7.377973112719752,2.0367114788004135,2.761892450879007,1.8154084798345398,3.777145811789038,5.592554291623578,1.5695449844881075,0.6657187176835574,0.6747673216132368,1.5343846949327817,2.718717683557394,9.589451913133402,66.0,0.7374333052513339,0.1943573667711599,0.5085850445020674
42,1984.0,PG,3.6917534027221777,7.95489725113424,0.10995463037096344,0.4350146784093942,3.581798772351214,7.519882572724846,1.8625567120362958,2.3947157726180945,0.5809981318388043,1.4729116626634642,2.0539097945022684,5.097678142514011,1.2087002935681879,0.15318921804109956,1.900720576461169,2.154256738724313,9.356018147851614,64.0,0.7777777777777778,0.252760736196319,0.47631046598289384
43,1984.0,SF,4.852784134248665,9.79811848461734,0.04373251970505975,0.19577930333079074,4.8090516145436055,9.602339181286549,2.509534706331045,3.2847698957538776,1.5347063310450038,2.572845156369184,4.107551487414188,1.9753368929570303,0.7693872362064582,0.3872362064581744,1.680650902618866,2.3801169590643276,12.258835494533436,65.0,0.7639910209768558,0.22337662337662337,0.5008208441455277
44,1984.0,SG,4.721866666666667,9.7792,0.1208,0.43146666666666667,4.601066666666667,9.347733333333334,2.2469333333333332,2.8218666666666667,0.9093333333333333,1.6634666666666666,2.5728,2.7074666666666665,0.9541333333333334,0.23893333333333333,1.6693333333333333,2.2448,11.811466666666666,60.0,0.7962577962577962,0.2799752781211372,0.492212015747133
45,1985.0,C,3.5683419445749176,7.009394081728511,0.0025833724753405356,0.030295913574448097,3.5657585720995773,6.979098168154063,2.0582433067167685,2.835603569751057,1.866838891498356,4.130577736026304,5.997416627524659,1.264208548614373,0.49436355096289336,1.0925317050258336,1.602630342883983,2.755753875058713,9.197510568341945,69.0,0.7258572138479377,0.08527131782945736,0.5109196756065552
46,1985.0,PF,4.119023136246787,8.193573264781492,0.011825192802056555,0.06298200514138817,4.10719794344473,8.130591259640102,2.273521850899743,3.0748071979434446,1.9604113110539845,3.9647814910025705,5.925192802056555,1.506426735218509,0.67146529562982,0.6557840616966581,1.7347043701799485,2.811311053984576,10.523393316195373,67.0,0.7394030599448207,0.18775510204081633,0.5051536613127608
47,1985.0,PG,4.091848450057405,8.71670493685419,0.16446613088404133,0.5892652123995408,3.927382319173364,8.12743972445465,2.019517795637199,2.543053960964409,0.6951779563719862,1.7390929965556832,2.4342709529276694,5.426234213547646,1.3323765786452353,0.1690585533869116,1.975028702640643,2.1194029850746268,10.36768082663605,61.0,0.7941309255079007,0.27910375060886505,0.48322503178415027
48,1985.0,SF,4.8346693386773545,9.880761523046091,0.09468937875751503,0.31788577154308617,4.73997995991984,9.562875751503006,2.4208416833667337,3.118486973947896,1.4185871743486973,2.439629258517034,3.8582164328657313,2.033567134268537,0.7833166332665331,0.34318637274549096,1.592184368737475,2.1963927855711423,12.184869739478957,72.0,0.7762872519881115,0.2978723404255319,0.4956647020301244
49,1985.0,SG,4.845566166439291,9.96343792633015,0.18090040927694406,0.6060027285129604,4.664665757162346,9.357435197817189,2.1822646657571623,2.7386084583901775,0.9110504774897681,1.6916780354706684,2.6027285129604367,3.0693042291950885,0.992087312414734,0.23383356070941336,1.7511596180081856,2.241200545702592,12.054297407912687,65.0,0.7968516488990733,0.2985141828005403,0.4984983233707538
50,1986.0,C,3.8000501756146514,7.564475664826894,0.004014049172102358,0.03236327145007526,3.796036126442549,7.532112393376819,2.1856497742097343,3.0087807325639737,1.8411941796287004,4.197942799799297,6.039136979427998,1.2789764174611138,0.5566984445559459,1.2167586552935274,1.6108881083793276,2.843953838434521,9.78976417461114,72.0,0.7264237471858586,0.12403100775193798,0.5039802817839656
51,1986.0,PF,3.749082007343941,7.476866585067319,0.018115055079559364,0.09179926560587515,3.730966952264382,7.385067319461444,2.09547123623011,3.001468788249694,1.9414932680538555,3.9725826193390454,5.914075887392901,1.4178702570379438,0.6675642594859241,0.5877600979192167,1.7069767441860466,2.8019583843329254,9.611750305997552,71.0,0.698148601256015,0.19733333333333336,0.505204189870061
52,1986.0,PG,3.9278178789561355,8.360077734591894,0.1932259855635758,0.6735147140477512,3.7345918933925595,7.686563020544142,2.092448639644642,2.6349250416435313,0.6235424764019989,1.670460855080511,2.29400333148251,5.1935036091060525,1.263187118267629,0.13659078289838977,1.9317046085508052,2.0671848972792892,10.141310383120489,66.0,0.7941207459698661,0.2868920032976092,0.4858597897930437
53,1986.0,SF,4.997227123771112,10.221830098311067,0.10184018149735316,0.3582051928409377,4.895386942273759,9.863624905470129,2.676833879505924,3.443408116964961,1.4923115704562642,2.6153264431560372,4.107638013612301,2.1658684144189566,0.8583312326695236,0.3657675825560877,1.7164103856818755,2.350390723468616,12.7731283085455,73.0,0.7773792093704246,0.28430682617874736,0.4963070868154055
54,1986.0,SG,4.518705226850623,9.500663305916689,0.15494826213849827,0.5152560360838419,4.363756964712125,8.985407269832846,2.0543910851684797,2.566728575218891,0.8556646325285222,1.6309365879543645,2.486601220482887,2.885646059962855,0.975059697532502,0.1899708145396657,1.5789334040859644,2.1201910321040063,11.246749801008225,64.0,0.8003928054579285,0.30072090628218334,0.48564932380558673
55,1987.0,C,3.5194252261841403,7.119478445981906,0.0031931878658861094,0.02794039382650346,3.5162320383182544,7.091538052155402,2.072911122937733,2.8469930814262905,1.9180415114422564,4.030335284725918,5.948376796168175,1.2088877062267163,0.5335284725918041,1.089409260244811,1.4571580627993614,2.7402873869079296,9.1149547631719,65.0,0.7281054304140574,0.11428571428571427,0.4958348968105066
56,1987.0,PF,4.019356343283582,8.109608208955224,0.03614738805970149,0.1553171641791045,3.9832089552238807,7.954291044776119,2.322061567164179,3.1746735074626864,2.072294776119403,4.061800373134329,6.1340951492537314,1.4032182835820894,0.6683768656716418,0.7248134328358209,1.5911847014925373,2.7567630597014925,10.396921641791044,78.0,0.7314331888635862,0.2327327327327327,0.5007622845080333
57,1987.0,PG,3.894236311239193,8.40893371757925,0.25561959654178673,0.8778097982708933,3.6386167146974064,7.5311239193083575,2.1429394812680114,2.6622478386167145,0.6657060518731989,1.8299711815561959,2.4956772334293946,5.5680115273775215,1.2129682997118156,0.15965417867435158,1.9371757925072046,2.072622478386167,10.187031700288184,65.0,0.8049361333621996,0.2912015758371635,0.48314391765201087
58,1987.0,SF,4.673981191222571,9.586990595611285,0.15177638453500522,0.46943573667711597,4.522204806687565,9.117554858934168,2.545977011494253,3.3286311389759664,1.4971264367816093,2.5995297805642634,4.096656217345872,2.127742946708464,0.8064263322884012,0.43808777429467083,1.6031870428422152,2.2970219435736676,12.0457157784744,71.0,0.7648720765970806,0.3233166388425153,0.49598876855194546
59,1987.0,SG,4.740929994890138,10.231987736331119,0.2687787429739397,0.8428717424629535,4.472151251916198,9.389115993868165,2.2682677567705674,2.850536535513541,0.9172202350536536,1.6430761369443025,2.560296371997956,2.803270311701584,1.0467552376085845,0.24987225344915687,1.6262135922330097,2.088145120081758,12.018906489524783,70.0,0.7957336201487856,0.3188845104577145,0.47631228060627506
60,1988.0,C,3.4800092980009296,7.052533705253371,0.007438400743840074,0.04300325430032543,3.4725708972570897,7.009530450953045,1.9732682473268248,2.707112970711297,1.799163179916318,3.9418874941887494,5.741050674105067,1.1671315667131568,0.5148768014876801,1.0602045560204556,1.487680148768015,2.7338447233844723,8.940725244072524,79.0,0.7289198007899709,0.17297297297297298,0.495407063505223
61,1988.0,PF,3.9196712619300107,7.899257688229056,0.04851537645811241,0.18716861081654296,3.8711558854718984,7.7120890774125135,2.411983032873807,3.2804878048780486,2.077412513255567,3.9493637327677624,6.02677624602333,1.315217391304348,0.6532343584305408,0.619034994697773,1.55779427359491,2.726405090137858,10.299840933191941,67.0,0.7352513334410862,0.2592067988668555,0.5019594362323823
62,1988.0,PG,3.621434505677098,7.793409027970092,0.27416228191636666,0.8474106895596788,3.347272223760731,6.945998338410413,1.828579340902797,2.258100249238438,0.5787870396012185,1.6981445582941013,2.2769315978953197,5.296316809747992,1.1752977014677375,0.13846579894765992,1.7942398227637772,1.8584879534754914,9.34561063417336,75.0,0.8097866077998529,0.32352941176470584,0.4818993700661829
63,1988.0,SF,4.897124769190187,10.188868372461092,0.1672381957267212,0.5394355051437616,4.7298865734634665,9.64943286731733,2.44684779741493,3.1688208915853338,1.4798206278026906,2.6584014771828013,4.138222104985492,2.041941440253231,0.8090213663940913,0.45766288578211556,1.6106568187813242,2.304932735426009,12.408335531522026,80.0,0.7721634895529842,0.3100244498777506,0.4901724939176076
64,1988.0,SG,4.803348392240234,10.241031092213658,0.3029497741163965,0.9101780494286473,4.500398618123837,9.330853042785012,2.285942067499336,2.8557002391708743,0.9455221897422269,1.8413499867127292,2.786872176454956,3.122774382141908,1.080255115599256,0.2734520329524316,1.6282221631676854,2.1171937284081848,12.1955886260962,72.0,0.8004839009864136,0.33284671532846716,0.4823137388926862
65,1989.0,C,3.229823047043591,6.58933966335779,0.036685369011653,0.1309883470004316,3.193137678031938,6.4583513163573585,1.7857142857142858,2.4939577039274923,1.729391454466983,3.7583081570996977,5.487699611566681,0.9814415192058696,0.514889943892965,1.0347432024169185,1.3851963746223566,2.59495036685369,8.28204574881312,76.0,0.7160162671973697,0.2800658978583196,0.4944199411921946
66,1989.0,PF,3.758808820186406,7.588315526255967,0.0968401909524892,0.31097976812912026,3.661968629233917,7.277335758126847,2.2568765628551946,3.027960900204592,1.9686292339167992,3.5949079336212777,5.563537167538077,1.3091611729938621,0.7167538076835644,0.621504887474426,1.47147078881564,2.4776085473971357,9.871334394180495,84.0,0.7453453453453454,0.31140350877192985,0.5032018242588948
67,1989.0,PG,3.784183673469388,8.227295918367346,0.3625,1.1283163265306122,3.4216836734693876,7.098979591836735,2.002551020408163,2.4566326530612246,0.6581632653061225,1.9137755102040817,2.571938775510204,5.496938775510204,1.2645408163265306,0.14234693877551022,1.9752551020408162,1.9158163265306123,9.933418367346938,74.0,0.8151609553478711,0.32127515261134976,0.48199655023717114
68,1989.0,SF,5.204282115869018,10.880100755667506,0.1690176322418136,0.5740554156171285,5.035264483627204,10.306045340050378,2.50176322418136,3.221410579345088,1.6151133501259445,2.805793450881612,4.420906801007557,2.070528967254408,0.8987405541561713,0.46397984886649873,1.775566750629723,2.393198992443325,13.07934508816121,79.0,0.7766048948314959,0.29442738043001315,0.4885738726628375
69,1989.0,SG,4.877947969851689,10.460491125699003,0.399708242159008,1.1558473133965474,4.4782397276926815,9.304643812302455,2.2757111597374178,2.861901288597131,0.986627765621201,2.051057622173596,3.037685387794797,3.00413323608072,1.1074641380987114,0.24799416484318015,1.698760029175784,2.083394116216873,12.431315341599806,76.0,0.7951745815988446,0.3458140513251999,0.4812908283250588
70,1990.0,C,3.4295404814004375,7.04945295404814,0.04310722100656455,0.14814004376367615,3.386433260393873,6.901312910284464,1.8919037199124726,2.6170678336980306,1.8109409190371992,4.090371991247265,5.901312910284464,1.0339168490153172,0.5457330415754923,1.0829321663019693,1.3494529540481401,2.664113785557987,8.794091903719913,80.0,0.7229096989966555,0.29098966026587886,0.49069406132090426
71,1990.0,PF,3.863166772085178,7.83955302551128,0.06957621758380772,0.25216107948555766,3.7935905545013706,7.587391946025722,2.2519502424625766,3.073582121020451,1.8136200716845878,3.461100569259962,5.27472064094455,1.267763019186169,0.6495888678051865,0.5941387307611217,1.4048070841239721,2.582753531520135,10.04786000421674,85.0,0.7326793798875018,0.2759197324414716,0.4999861060938673
72,1990.0,PG,3.5832766825288918,7.865171085429413,0.3811466122818944,1.1069567187854068,3.2021300702469975,6.758214366644006,1.8357126671198731,2.276909132109676,0.5955132562882393,1.807840471334693,2.403353727622932,5.229549059596646,1.1459324722411057,0.11556764106050306,1.7607070020394289,1.7690913210967596,9.38341264445955,83.0,0.8062300955414013,0.3443193449334698,0.4738130364806867
73,1990.0,SF,4.838679466167174,10.062514633575276,0.21002107234839615,0.6780613439475532,4.628658393818778,9.384453289627722,2.4123156169515334,3.124326855537345,1.5092484195738702,2.8752048700538517,4.3844532896277215,2.06181222196207,0.8611566377897448,0.43362210255209555,1.577382346054788,2.3392648091781783,12.299695621634278,78.0,0.772107314148681,0.3097375690607735,0.4932262169107558
74,1990.0,SG,4.7705829995549625,10.20605251446373,0.38340008900756567,1.1023587004895417,4.387182910547397,9.103693813974187,2.335113484646195,2.9345794392523366,1.0416110369381397,2.1179350244770805,3.15954606141522,2.759457053849577,1.017133956386293,0.2398753894080997,1.606586559857588,2.0594125500667557,12.259679572763686,82.0,0.7957233848953594,0.3477997577714978,0.4819123973406336
75,1991.0,C,3.2612516073724818,6.649807115302186,0.025075010715816547,0.10801543077582512,3.2361765966566653,6.541791684526361,1.71795970852979,2.4222031718816974,1.841405915130733,4.119159879982854,5.960565795113587,0.9903557651093013,0.5323617659665667,1.0722246035147878,1.3171881697385341,2.5891555936562365,8.26553793399057,80.0,0.7092549991152008,0.23214285714285715,0.49469270082557987
76,1991.0,PF,3.672686230248307,7.5415555099528016,0.058895957315821874,0.2187564128873384,3.6137902729324853,7.322799097065463,2.038579930227786,2.7974553663041246,1.864354607018264,3.499486969012928,5.363841576031192,1.3152062384568028,0.6287707777549764,0.5871126616047609,1.374512620562282,2.486969012928381,9.442848348040222,92.0,0.7287265258215964,0.2692307692307692,0.4934984867167358
77,1991.0,PG,4.05496494005881,8.779235467088894,0.41235014702555983,1.2553720877629495,3.64261479303325,7.523863379325944,2.0574530649174396,2.567066274598507,0.6064238859986428,1.7993666591268944,2.4057905451255372,5.233883736711151,1.2058357837593305,0.1467993666591269,1.848450576792581,1.9393802307170322,10.57973309206062,74.0,0.8014803066349458,0.3284684684684685,0.4841415386465442
78,1991.0,SF,4.760958083832335,10.014850299401198,0.24,0.7738922155688622,4.520958083832335,9.240958083832336,2.3851497005988023,3.075928143712575,1.551616766467066,2.8591616766467065,4.410778443113773,2.09437125748503,0.8989221556886228,0.4534131736526946,1.598562874251497,2.297005988023952,12.147065868263473,71.0,0.7754243887244977,0.31012070566388117,0.4892304502216116
79,1991.0,SG,4.675504192159528,10.119193292544754,0.4137774756401541,1.2374801722184454,4.261726716519375,8.881713120326308,2.313392250169952,2.857693179243145,0.9342850668479492,1.9605710401087695,2.894856106956719,2.6895535916610016,0.9929753002492635,0.2760027192386132,1.5542714706548832,2.025832766825289,12.078178110129164,83.0,0.809531361509793,0.334370994323384,0.4798316111748948
80,1992.0,C,3.2395055970149254,6.628264925373134,0.02355410447761194,0.09235074626865672,3.2159514925373136,6.535914179104478,1.6979944029850746,2.425606343283582,1.8397854477611941,3.824160447761194,5.663945895522388,1.0755597014925373,0.5359141791044776,1.1651119402985075,1.2297108208955223,2.4948694029850746,8.200559701492537,74.0,0.7000288433804441,0.255050505050505,0.49204310283308356
81,1992.0,PF,4.024113475177305,8.12725430597771,0.07416413373860183,0.25167173252279634,3.9499493414387032,7.875582573454914,2.137993920972644,2.8905775075987843,2.2697061803444782,4.148530901722391,6.418237082066869,1.4192502532928064,0.6733535967578521,0.6589665653495441,1.391691995947315,2.4703140830800407,10.260385005065856,86.0,0.7396424815983175,0.2946859903381643,0.5015437657592754
82,1992.0,PG,3.779942439672349,8.416205446092539,0.3869825105158291,1.168474651317246,3.39295992915652,7.247730794775293,1.8290901040513616,2.2964356874031435,0.587336727916759,1.6778835510294443,2.2652202789462033,4.916980296657074,1.1713526676998007,0.16360416205446093,1.7910117334514057,1.8133717068851007,9.77595749391189,83.0,0.796490889810084,0.3311860553239864,0.46814099822835853
83,1992.0,SF,4.683768880364421,9.910812754735076,0.3363701750179813,1.0105490290098298,4.34739870534644,8.900263725725246,2.1062095420762406,2.7600095900263724,1.3955885878686167,2.7485015583792856,4.144090146247902,2.01054902900983,0.8686166386957564,0.46104051786142414,1.4773435626947975,2.181491249100935,11.810117477823065,80.0,0.7631167477414872,0.332858837485172,0.4884572906284514
84,1992.0,SG,4.646395400265369,10.063467492260061,0.4354268022998673,1.2753206545776206,4.210968597965502,8.788146837682442,2.1996904024767803,2.7695709862892524,0.9338788146837682,1.98562582927908,2.9195046439628483,2.649270234409553,1.0163644405130474,0.2888102609464839,1.559044670499779,2.0008845643520567,11.927908005307387,89.0,0.7942350686681572,0.3414253511357725,0.47916456970307
85,1993.0,C,3.305056314402109,6.662592858854541,0.021806853582554516,0.08459142104001917,3.283249460819554,6.578001437814522,1.8588545410975317,2.689432063263839,1.8221902707884017,3.9405703330936976,5.762760603882099,1.1306014857416726,0.5322310088665229,1.0841121495327102,1.3424394919722022,2.5768032590462497,8.490774023484304,79.0,0.6911699189165107,0.2577903682719547,0.4991256830601093
86,1993.0,PF,4.068671963677639,8.330306469920545,0.10858872493378736,0.38062807415815364,3.960083238743852,7.949678395762391,2.2164207340143776,3.0196746121831253,2.0293227393113886,4.078320090805902,6.107642830117291,1.549754067347711,0.6888006053726825,0.6634506242905789,1.5028376844494893,2.596292092319334,10.462353386303443,99.0,0.7339932339305851,0.2852882703777336,0.49814382942268337
87,1993.0,PG,3.661432994250332,8.019460415745245,0.45311808934099956,1.312251216275984,3.208314904909332,6.707209199469261,1.833923042901371,2.2983193277310923,0.5913312693498453,1.7284387439186202,2.319770013268465,4.904024767801857,1.1550199026979213,0.1355594869526758,1.7319770013268465,1.9371959310039806,9.609907120743035,73.0,0.7979409217742712,0.34529828109201216,0.47833827893175074
88,1993.0,SF,4.227635075287865,9.045172719220549,0.31598759964570416,0.9636846767050488,3.911647475642161,8.0814880425155,2.015943312666076,2.649468556244464,1.3396811337466785,2.492692648361382,3.83237378210806,1.9016829052258637,0.8199734278122232,0.4065544729849424,1.4295837023914968,2.1434898139946856,10.787201062887512,78.0,0.7608859172586712,0.3278952205882353,0.4840256466462078
89,1993.0,SG,4.760338814150473,10.300448430493274,0.6295465869456901,1.7869955156950672,4.1307922272047835,8.513452914798206,2.3475336322869955,2.9471848530144493,0.8672147483806677,1.9663677130044843,2.833582461385152,2.7481315396113604,1.0323866467364224,0.26856003986048826,1.574240159441953,2.0807174887892375,12.497757847533633,77.0,0.7965342349957735,0.3522933221803987,0.48520762005091744
90,1994.0,C,3.5090079817559863,7.002052451539338,0.016875712656784492,0.07730900798175598,3.492132269099202,6.924743443557583,1.8672748004561004,2.7580387685290764,1.795667046750285,3.7863169897377422,5.581984036488027,1.2068415051311288,0.5792474344355758,1.0903078677309008,1.3906499429874573,2.527708095781072,8.902166476624858,93.0,0.6770299321977841,0.21828908554572274,0.5042977111806356
91,1994.0,PF,3.6519174041297937,7.552999016715831,0.11642084562438544,0.3811209439528024,3.535496558505408,7.171878072763029,1.9384464110127826,2.76007866273353,2.0759095378564405,3.9866273352999015,6.0625368731563425,1.4652900688298918,0.6975417895771878,0.6257620452310718,1.3646017699115045,2.4692232055063914,9.358702064896756,97.0,0.7023156394727467,0.30546955624355004,0.49296662919191636
92,1994.0,PG,3.6283457656867046,8.156428258007898,0.4835454146555507,1.4286967968407196,3.144800351031154,6.727731461167179,1.7555945590171127,2.2400175515577008,0.5853444493198772,1.6838525669153137,2.2691970162351907,4.724879333040807,1.169153137340939,0.1393154892496709,1.7876261518209742,1.7474769635805179,9.495831505046073,80.0,0.783741429970617,0.33845208845208846,0.4674384477417251
93,1994.0,SF,4.1558122388793315,9.10395674612927,0.425903170312116,1.2902433030228557,3.7299090685672156,7.813713443106415,1.9073482428115016,2.5952322437945443,1.358073236667486,2.710739739493733,4.068812976161219,1.9021872695994102,0.8776112066846891,0.43769968051118213,1.4467928237896288,2.1629392971246006,10.64487589088228,76.0,0.7349431818181817,0.3300952380952381,0.47735421777693904
94,1994.0,SG,4.405871806364859,9.775661138502914,0.604661586732407,1.763334827431645,3.801210219632452,8.012326311071268,2.129090094128194,2.70685791125056,0.9105782160466158,2.0002241147467505,2.9108023307933664,2.6857911250560287,1.0454952935903183,0.2689376961004034,1.5997310623038996,1.9428507395786643,11.545495293590319,83.0,0.78655406524259,0.3429079816980173,0.47442029593577806
95,1995.0,C,3.516366989396035,7.001613646841863,0.05693868142000922,0.18418626094974644,3.459428307976026,6.817427385892116,1.9453665283540802,2.8174273858921164,1.9080221300138314,3.942600276625173,5.850622406639004,1.0426463808206548,0.5380359612724758,1.1304748732134624,1.4151682803135086,2.7872291378515444,9.03503918856616,75.0,0.6904761904761905,0.30913642052565704,0.507438966659904
96,1995.0,PF,3.593261619646844,7.332453825857519,0.1739395169474325,0.5258778161152832,3.4193221026994114,6.806576009742237,1.8258575197889182,2.662472092551248,1.8796427846559773,3.803328597523848,5.682971382179826,1.376090927542115,0.67607063121575,0.6291861173127664,1.3836005682971382,2.5358230160340978,9.186320276030038,91.0,0.6857752706205215,0.33076032419915086,0.502355677480916
97,1995.0,PG,3.4766516031848504,7.840542285345384,0.8117064772971809,2.2384333978911126,2.6649451258876695,5.602108887454271,1.8485044114482463,2.3483968151495587,0.5280826339573919,1.7314396384764363,2.2595222724338284,4.72885732730794,1.0882289649236065,0.1351409511512804,1.8157951366472993,1.902732945986658,9.613514095115129,88.0,0.7871346100980483,0.3626225725821957,0.47570391426266667
98,1995.0,SF,4.046153846153846,8.871719457013574,0.7341628959276018,2.045701357466063,3.311990950226244,6.826018099547511,2.1199095022624435,2.8312217194570137,1.2438914027149321,2.5972850678733033,3.8411764705882354,1.9260180995475114,0.8493212669683258,0.3927601809954751,1.4785067873303168,2.2540723981900452,10.946380090497737,77.0,0.7487613872462842,0.3588807785888078,0.485201020847834
99,1995.0,SG,4.173456940717248,9.337643327640889,0.9836545498902172,2.6969992681141743,3.189802390827031,6.640644059526714,2.1371066113686266,2.725298853378873,0.8265430592827518,1.8931446694315688,2.7196877287143204,2.4244937789704806,0.9402293242254208,0.2590875823371554,1.5103683825323249,2.0909978043425226,11.46767504269334,80.0,0.7841733058812999,0.36472184531886026,0.48034533431300513
100,1996.0,C,3.3029459522152633,6.663651125028996,0.03433078172117838,0.12247738343771747,3.268615170494085,6.541173741591278,1.7480862908837858,2.564834145209928,1.7930874507074925,3.804685687775458,5.5977731384829506,0.9617258176757133,0.5040593829737879,1.113894688007423,1.3674321503131524,2.667594525632104,8.388308977035491,91.0,0.6815591932712309,0.2803030303030303,0.49969857087130753
101,1996.0,PF,3.568310124200226,7.358487015430937,0.16560030109145654,0.49190816710575835,3.4027098231087693,6.866578848325179,1.8624388407978925,2.6827248776815957,1.8428678961234475,3.709258562288295,5.552126458411743,1.2911178020323673,0.6358675197591268,0.6240120436582612,1.3944298080541964,2.5137372977041776,9.1646593902898,113.0,0.6942340067340068,0.33664881407804137,0.4955466030858615
102,1996.0,PG,3.543580322514799,8.103694631557461,0.9510104102878139,2.590120432741376,2.592569912226985,5.513574198816085,1.9301898346601347,2.4643804858134315,0.5497040212288222,1.7548479281486018,2.304551949377424,4.544600938967136,1.0612369871402327,0.13757909777505614,1.8152684221269646,1.9544805062257604,9.968360889977546,97.0,0.7832353184792512,0.36716841358657104,0.47021583799192923
103,1996.0,SF,4.018651362984218,8.832547653207625,0.7784382045501127,2.111293297806928,3.240213158434105,6.7212543554006965,2.01024800163968,2.68846075015372,1.275671244107399,2.8960852633736422,4.171756507481041,2.007788481246157,0.8425906948145112,0.4332855093256815,1.493748718999795,2.278745644599303,10.825988932158229,87.0,0.7477319509034077,0.36870206776041153,0.48208459122373676
104,1996.0,SG,3.9813457694870085,8.894292693759716,1.0026648900732844,2.6713302242949144,2.9786808794137243,6.222962469464801,2.1607817010881636,2.723073506551188,0.7941372418387741,2.0526315789473686,2.8467688207861426,2.4168332222962468,0.9082833666444593,0.25138796357983567,1.5087719298245614,2.0552964690206528,11.126138130135466,79.0,0.7935083999347579,0.3753429212735888,0.4786596245806866
105,1997.0,C,3.0427748226950353,6.185283687943262,0.04875886524822695,0.15226063829787234,2.9940159574468086,6.03302304964539,1.5857712765957446,2.3763297872340425,1.8240248226950355,3.6566932624113475,5.480718085106383,0.9097960992907801,0.499113475177305,1.0292553191489362,1.297872340425532,2.578014184397163,7.7200797872340425,96.0,0.6673195299384442,0.32023289665211063,0.49627126115866427
106,1997.0,PF,3.6585919757759275,7.653482210446631,0.19322482967448903,0.5787282361847086,3.465367146101438,7.074753974261923,1.913133989401968,2.7412944738834217,1.9576078728236184,3.8875851627554883,5.845193035579107,1.3362982588947767,0.677327781983346,0.6267978803936411,1.4248675246025737,2.456093868281605,9.423542770628313,105.0,0.697894373489817,0.33387835186396336,0.48982157665248904
107,1997.0,PG,3.4204081632653063,7.947755102040817,0.9646938775510204,2.6822448979591837,2.4557142857142855,5.265510204081632,1.7536734693877551,2.2518367346938777,0.5248979591836734,1.7116326530612245,2.236530612244898,4.3730612244897955,1.0614285714285714,0.13938775510204082,1.7591836734693878,1.8355102040816327,9.559183673469388,96.0,0.7787746963929671,0.3596591341398463,0.46637727219875197
108,1997.0,SF,3.973166368515206,8.809257602862255,0.7486583184257602,2.0907871198568873,3.2245080500894456,6.718470483005366,2.0031305903398926,2.658318425760286,1.2363595706618962,2.8343023255813953,4.0706618962432914,2.0753577817531306,0.901386404293381,0.4197227191413238,1.5319767441860466,2.2620751341681573,10.698121645796064,96.0,0.7535329744279946,0.35807486631016044,0.47994674654684644
109,1997.0,SG,3.9633907169317935,9.131837001525387,1.1041621268250164,2.986489431248638,2.859228590106777,6.145347570276749,2.109609936805404,2.6458923512747874,0.7507082152974505,2.0658095445630855,2.816517759860536,2.299193724122903,0.9638265417302244,0.25234255829156677,1.5083896273697974,1.9354979298322075,11.140553497494007,92.0,0.7973151045956185,0.36971908062750825,0.4652671891067693
110,1998.0,C,3.285316184351554,6.783922829581994,0.027438370846730974,0.11468381564844587,3.257877813504823,6.669239013933548,1.7579849946409432,2.6741693461950695,2.0636655948553053,3.8306538049303325,5.894319399785638,1.0312968917470524,0.5665594855305466,1.137620578778135,1.2945337620578778,2.622722400857449,8.356055734190782,84.0,0.6573947895791583,0.2392523364485981,0.488493185908974
111,1998.0,PF,3.504188272836059,7.41523733546071,0.12704427602712406,0.41543677702433185,3.377143996808935,6.9998005584363785,2.0390905464698843,2.8921021140805743,1.9006781013163143,3.7830075787794177,5.683685680095732,1.372756282409254,0.7022337455125648,0.6055045871559633,1.4158356601515756,2.4924212205823695,9.174511368169126,100.0,0.7050548238052549,0.30580892942870863,0.4824628885659743
112,1998.0,PG,3.1989400733795352,7.589686098654709,0.6278026905829597,1.8571137382796576,2.5711373827965756,5.732572360375051,1.7174887892376682,2.1836526701997556,0.5320016306563392,1.789237668161435,2.3212392988177744,4.31736649001223,1.062780269058296,0.138401956787607,1.7187117814920505,1.85833673053404,8.743171626579699,92.0,0.7865210491925697,0.33805290308418395,0.448513724932442
113,1998.0,SF,3.9643005396430055,8.826691573266915,0.5651722706517227,1.6137401411374015,3.3991282689912827,7.212951432129515,2.0977584059775842,2.779576587795766,1.2123287671232876,2.698422581984226,3.9107513491075134,1.9047322540473226,0.8931091739310918,0.41178912411789126,1.4941884599418847,2.222291407222914,10.591531755915318,91.0,0.7547043010752689,0.3502250803858521,0.471253453038674
114,1998.0,SG,3.8479773814702045,8.905611135276207,0.8442801217920836,2.3329708568943017,3.003697259678121,6.572640278381905,1.9780339277946934,2.482166159199652,0.7448890822096563,1.989560678555894,2.7344497607655502,2.247498912570683,0.9269247498912571,0.22966507177033493,1.4175728577642452,1.896911700739452,10.518268812527186,103.0,0.7968982738981863,0.3618905565395731,0.4570000992687205
115,1999.0,C,2.969391304347826,6.25495652173913,0.015304347826086957,0.06921739130434783,2.954086956521739,6.185739130434783,1.6813913043478261,2.617739130434783,1.9102608695652175,3.6890434782608694,5.599304347826087,0.8685217391304347,0.5499130434782609,1.0466086956521738,1.2062608695652175,2.5885217391304347,7.635478260869565,89.0,0.6423066702099388,0.22110552763819097,0.47756410256410253
116,1999.0,PF,3.2731605600238307,7.0985999404229965,0.11647304140601727,0.3780160857908847,3.1566875186178134,6.720583854632112,1.9401251117068812,2.767649687220733,1.78850163836759,3.5498957402442657,5.338397378611856,1.1671134941912422,0.6437295204051237,0.5907059874888293,1.3187369675305332,2.4215072981829016,8.60291927316056,91.0,0.7010009686793671,0.30811662726556344,0.4697043570763707
117,1999.0,PG,3.132201132201132,7.545454545454546,0.6723276723276723,2.005994005994006,2.4598734598734597,5.539460539460539,1.5617715617715617,2.0186480186480185,0.4828504828504829,1.8628038628038628,2.3456543456543457,4.180819180819181,1.0462870462870464,0.11821511821511821,1.7306027306027305,1.7649017649017649,8.498501498501499,101.0,0.7736720554272518,0.3351593625498008,0.44406372107003306
118,1999.0,SF,3.6882003955174687,8.572181938035596,0.5873434410019776,1.6638101516150297,3.100856954515491,6.908371786420567,2.0141727092946606,2.6700725115359263,1.1354647330257086,2.8117996044825313,3.94726433750824,1.7640079103493738,0.9176005273566249,0.3961766644693474,1.4021094264996703,2.1456822676334872,9.977916941331575,84.0,0.754351314652512,0.35301109350237714,0.4488549618320611
119,1999.0,SG,3.555052790346908,8.634615384615385,0.8397435897435898,2.4660633484162897,2.7153092006033184,6.168552036199095,1.9166666666666667,2.420437405731523,0.7009803921568627,2.0727752639517347,2.773755656108597,2.1598793363499245,0.9219457013574661,0.24396681749622925,1.469079939668175,1.8193815987933635,9.866515837104073,78.0,0.791867892195046,0.34051987767584097,0.44018583042973286
120,2000.0,C,3.0795957043588125,6.4021899347231,0.021057064645188462,0.08043798694461991,3.058538639713624,6.32175194777848,1.699094546220257,2.503684986312908,1.8307012002526848,3.810486418193304,5.641187618445989,0.8963992419456728,0.47588966098125923,1.0920193724994736,1.2469993682880607,2.70499052432091,7.87934301958307,77.0,0.6786375105130361,0.26178010471204194,0.48381187129438413
121,2000.0,PF,3.609061364939782,7.729688396100172,0.2255782833110304,0.6694704645383291,3.3834830816287518,7.0602179315618425,1.8944752437392467,2.630663353087364,1.7621869623398967,3.8904607149684574,5.652647677308354,1.4066144140699675,0.6679411202446951,0.6492066526476773,1.4450391894475243,2.538520359395909,9.338176256929842,98.0,0.720151151805828,0.336950314106225,0.4792321022419582
122,2000.0,PG,3.223684210526316,7.6260488176964145,0.6760106788710908,1.9460335621662852,2.547673531655225,5.6800152555301295,1.4813119755911517,1.8789092295957284,0.4836003051106026,1.8299008390541571,2.3135011441647597,4.192219679633867,0.9361174675819984,0.12032799389778795,1.612509534706331,1.801678108314264,8.604691075514873,97.0,0.7883893230488176,0.3473787359137678,0.448532867790237
123,2000.0,SF,4.115801933320181,9.157032945354112,0.5995265338331032,1.669560071019925,3.5162753994870783,7.4874728743341885,2.1122509370684552,2.7338725586900767,1.197080291970803,2.9944762280528705,4.191556520023673,2.0140067074373644,0.8512527125665812,0.40362990727954234,1.4953639771158018,2.2720457683961333,10.943381337541922,86.0,0.7726223120219368,0.35909252038284295,0.4696211203035253
124,2000.0,SG,4.074656679151061,9.481647940074906,0.9111111111111111,2.512359550561798,3.1635455680399502,6.969288389513109,2.157303370786517,2.6838951310861425,0.7515605493133583,2.325593008739076,3.0771535580524345,2.327590511860175,0.9712858926342073,0.2581772784019975,1.4619225967540574,2.076903870162297,11.21772784019975,78.0,0.8037957019257604,0.3626515603259789,0.45392662654055604
125,2001.0,C,2.7596173840715323,5.859846121854855,0.017259305468912457,0.07361197754210855,2.7423580786026203,5.786234144312747,1.4911624038261593,2.266583489290913,1.8500727802037846,3.8236639634019545,5.6737367436057395,0.8149303389478062,0.49344978165938863,1.0894156789353295,1.159492618007902,2.52734456227906,7.0276564774381365,86.0,0.6578899082568808,0.2344632768361582,0.4739452310788472
126,2001.0,PF,3.703398351095918,8.099738588377237,0.26824854212748844,0.7800120651518199,3.4351498089684296,7.319726523225417,2.0659561632817214,2.864669213754273,1.7130504725517797,4.032173738186206,5.745224210737985,1.5141765533882967,0.6935451437763925,0.7192841343253569,1.4443997586969637,2.5123667806153227,9.741001407601045,92.0,0.7211848940053348,0.3439030678009796,0.4693002939479685
127,2001.0,PG,3.2297896970866296,7.630908740111904,0.690912598880957,1.9434690333783522,2.5388770982056723,5.687439706733552,1.4958518232683773,1.8917615280725448,0.5122515917422342,1.864943083156473,2.3771946748987074,4.026239629558171,0.9291915878834651,0.12135828670654061,1.5824811885008683,1.782365425429288,8.646343816322593,116.0,0.7907190209077001,0.3555048148515835,0.44640070561096407
128,2001.0,SF,3.9130086189617157,8.824814592102626,0.5852876327921427,1.6744838645019042,3.327720986169573,7.150330727600721,1.8821407095610343,2.4882742032471437,1.087592703948687,2.9116055321707757,3.999198236119463,1.7779114050912006,0.7913409500901984,0.3920625375826819,1.419923832431349,2.1876127480457006,10.29344558027661,88.0,0.7564040599323345,0.3495331577687335,0.4653939954587503
129,2001.0,SG,4.20980587356894,9.862120457939273,0.8974614235938277,2.4731209556993528,3.312344449975112,7.38899950223992,2.3934793429566947,2.9298158287705327,0.7521154803384769,2.448232951717272,3.200348432055749,2.637879542060727,0.9990044798407167,0.2747635639621702,1.542309606769537,2.0764061722249876,11.710552513688402,68.0,0.8169384981311586,0.3628861829526014,0.4482805079322308
130,2002.0,C,2.814728229105786,5.8474576271186445,0.06175725696473797,0.17455678940190922,2.752970972141048,5.6729008377167345,1.5447106954997079,2.3068381063705434,1.8314825638028442,3.5893239820767584,5.420806545879603,0.8059614260666277,0.4860705240600039,1.0025326319890902,1.0668225209429183,2.409507110851354,7.235924410676018,82.0,0.6696224980998228,0.35379464285714285,0.485284522133315
131,2002.0,PF,3.58249581239531,7.855318257956449,0.2564907872696817,0.7443467336683417,3.326005025125628,7.110971524288107,1.9143634840871022,2.600502512562814,1.7535594639865997,3.9438860971524288,5.697445561139029,1.4897403685092128,0.6714824120603015,0.7085427135678392,1.3542713567839195,2.390494137353434,9.335845896147404,84.0,0.7361513687600645,0.34458509142053445,0.4677286378894058
132,2002.0,PG,3.513410770855333,8.321436114044351,0.7592397043294614,2.183104540654699,2.754171066525871,6.138331573389651,1.6344244984160508,2.0582893347412883,0.5197465681098205,2.010348468848997,2.530095036958817,4.4546990496304115,0.9697993664202745,0.13748680042238648,1.6466737064413939,1.7820485744456178,9.420485744456178,92.0,0.7940693617894521,0.34777982006384833,0.44868398417340444
133,2002.0,SF,4.1244702208342625,9.31340620120455,0.6480035690385902,1.8837831809056436,3.4764666517956724,7.429623020298907,1.9565023421815748,2.541155476243587,1.1882667856346196,3.0129377648895828,4.201204550524203,1.9266116439884007,0.8612536248048182,0.438322551862592,1.469997769350881,2.152353334820433,10.85344635288869,75.0,0.7699262640449438,0.34399052693901716,0.46791965652865763
134,2002.0,SG,4.041614387285654,9.321831869510666,0.9117524048515265,2.4761606022584695,3.129861982434128,6.845671267252196,1.8897950648264326,2.3527812630698453,0.7381848598912589,2.3941865328314513,3.1323713927227104,2.331451275616897,0.9165621079046424,0.2668339606859055,1.3638644918444165,1.803638644918444,10.884776244249268,91.0,0.8032174917785087,0.3682121442445739,0.4572030791788856
135,2003.0,C,2.6432532347504623,5.587615526802218,0.027726432532347505,0.09186691312384473,2.6155268022181146,5.495748613678374,1.4654343807763401,2.1356746765249537,1.7589648798521258,3.4515711645101663,5.210536044362292,0.9127541589648799,0.5051756007393715,0.965988909426987,1.111645101663586,2.487985212569316,6.779667282809612,82.0,0.6861692920200797,0.30181086519114686,0.47591820260998247
136,2003.0,PF,3.9749245414441607,8.653587183654516,0.3303923844903645,0.9811934060831206,3.644532156953796,7.672393777571395,2.1012305549106105,2.882284652890643,1.7780357557464592,4.2435570002321805,6.02159275597864,1.6600882284652891,0.7285813791502206,0.6939865335500348,1.4622707220803344,2.3991177153471095,10.381472022289296,74.0,0.7290156275173191,0.33672503549455746,0.475018913602663
137,2003.0,PG,3.416122448979592,8.088571428571429,0.7293877551020408,2.1040816326530614,2.686734693877551,5.984489795918368,1.7457142857142858,2.176734693877551,0.5302040816326531,1.9516326530612245,2.4818367346938777,3.9640816326530612,0.9338775510204081,0.13755102040816328,1.6510204081632653,1.8138775510204082,9.30734693877551,91.0,0.8019876242265142,0.34665373423860324,0.44894966580275536
138,2003.0,SF,3.9238135773568845,8.94105128750798,0.6801447116407746,1.92934666950415,3.24366886571611,7.01170461800383,1.8818897637795275,2.420940625665035,1.1496062992125984,3.0349010427750587,4.184507341987657,1.845499042349436,0.8744413705043627,0.3911470525643754,1.4360502234517982,2.191317301553522,10.409661630134071,71.0,0.7773382559774964,0.35252592102360464,0.4626077455384242
139,2003.0,SG,3.9671209171533635,9.292883409041748,0.8343067272333983,2.338957386978153,3.1328141899199653,6.9539260220635954,2.0880380705169803,2.615833874107722,0.7527579493835171,2.417477828250054,3.1702357776335712,2.3683755137356695,0.936188622106857,0.2597880164395414,1.4672290720311485,1.8931429807484317,10.856586632057105,79.0,0.7982303812122716,0.3567002681956904,0.4505101405997262
140,2004.0,C,2.6257906549683736,5.487451540501938,0.03040195878392165,0.11365027545398898,2.595388696184452,5.373801265047949,1.4239951030401958,2.1242603550295858,1.7988165680473374,3.475005100999796,5.273821669047133,0.8671699653132013,0.48826770046929197,0.9840848806366048,1.0589675576412978,2.444399102224036,6.705978371760865,88.0,0.6703486696763039,0.26750448833034113,0.4829707255951703
141,2004.0,PF,3.711174242424242,8.084469696969697,0.2446969696969697,0.7325757575757575,3.4664772727272726,7.351893939393939,2.0526515151515152,2.798106060606061,1.803409090909091,4.075378787878788,5.878787878787879,1.534280303030303,0.7111742424242424,0.7477272727272727,1.4517045454545454,2.388068181818182,9.719696969696969,99.0,0.7335860295113036,0.3340227507755946,0.4715080632696172
142,2004.0,PG,3.400574458683164,8.210782147591692,0.7883340698188246,2.2989394608926204,2.6122403888643393,5.911842686699072,1.7342023862129916,2.1871409633230225,0.498232434821034,1.9697304463102077,2.4679628811312417,4.1769774635439685,0.9845338046840477,0.14140521431727796,1.7589482987185152,1.85505965532479,9.323685373398144,91.0,0.7929083745832912,0.34291206150889,0.44186568000896964
143,2004.0,SF,3.532128076671749,8.128512306686996,0.6859072097582226,1.9054672184709214,2.8462208669135265,6.223045088216075,1.7268568939228925,2.2539751688085383,1.0320191679372686,2.7451535613156177,3.7771727292528863,1.633195382269658,0.815290786321063,0.3097364408625572,1.304508821607493,2.0272271836201265,9.477020257024613,81.0,0.7661383842288365,0.35996799268404206,0.45736786839341964
144,2004.0,SG,4.17384682332463,9.952567449956485,0.9057876414273281,2.592254134029591,3.268059181897302,7.360313315926893,2.104873803307224,2.6396866840731072,0.7445604873803308,2.5110966057441253,3.255657093124456,2.5900783289817233,0.9828111401218451,0.25870322019147085,1.5363359442993907,1.8959965187119234,11.358355091383812,82.0,0.7973953181668315,0.34942084942084944,0.4440108785621379
145,2005.0,C,2.675675675675676,5.408760484622554,0.04249767008387698,0.13401677539608575,2.6331780055917986,5.274743709226468,1.5450139794967381,2.2963653308480896,1.7919850885368127,3.3189189189189188,5.110904007455732,0.7500465983224603,0.4385834109972041,0.9172413793103448,1.0678471575023298,2.556756756756757,6.938863000931966,86.0,0.6728084415584416,0.31710709318497915,0.49920491890172797
146,2005.0,PF,3.9226666666666667,8.49374358974359,0.32471794871794873,0.9472820512820512,3.597948717948718,7.546461538461538,2.1284102564102563,2.882051282051282,1.8334358974358975,4.221333333333333,6.054769230769231,1.4242051282051282,0.6826666666666666,0.7284102564102564,1.3571282051282052,2.47425641025641,10.298461538461538,89.0,0.7385053380782918,0.3427890861844955,0.4767729484356737
147,2005.0,PG,3.618014329580348,8.527533265097237,0.849539406345957,2.4112589559877176,2.768474923234391,6.116274309109519,1.9744114636642784,2.462026612077789,0.47697031729785055,1.9907881269191403,2.4677584442169906,4.367656090071648,0.9604912998976458,0.12139201637666326,1.7056294779938588,1.97482088024565,10.059979529170931,93.0,0.8019456223497131,0.3523219288564394,0.4526407390052882
148,2005.0,SF,4.030491599253267,9.060153495125492,0.766853349927401,2.081103505496785,3.263638249325866,6.979049989628708,2.082970338104128,2.7044181705040446,1.0452188342667497,2.9244969923252437,3.9697158265919934,1.9081103505496786,0.8187098112424808,0.35884671230035264,1.4268823895457374,2.1379381870981122,10.910806886538063,80.0,0.7702101549317381,0.36848400279079035,0.4676335968614397
149,2005.0,SG,3.5639848273108403,8.357955679776403,0.8223198243162307,2.315631862647235,2.7416650029946097,6.0423238171291676,2.018366939508884,2.5274505889399084,0.7232980634857257,2.2393691355559993,2.962667199041725,2.1641046116989417,0.8323018566580156,0.23318027550409262,1.3032541425434219,1.9840287482531442,9.968656418446797,91.0,0.7985781990521326,0.35511682041555304,0.4537434745258706
150,2006.0,C,2.5339506172839505,5.048032407407407,0.012345679012345678,0.05806327160493827,2.521604938271605,4.989969135802469,1.4072145061728396,2.1494984567901234,1.7312885802469136,3.3589891975308643,5.090277777777778,0.703125,0.41512345679012347,0.8937114197530864,1.0885416666666667,2.5891203703703702,6.487461419753086,82.0,0.6546710939603338,0.21262458471760795,0.5053347765579094
151,2006.0,PF,3.8420355656451,8.130155126749905,0.4031403707907681,1.146046159667045,3.4388951948543323,6.98410896708286,1.8980325387816874,2.616345062429058,1.605751040484298,3.979947029890276,5.585698070374574,1.4606507756337495,0.6040484298146046,0.6089670828603859,1.2750662126371548,2.439273552780931,9.985244040862655,78.0,0.7254519161243673,0.3517662594915814,0.49238853675713745
152,2006.0,PG,3.637504828118965,8.50521436848204,0.8561220548474314,2.358246427191966,2.7813827732715333,6.1469679412900735,2.013518733101584,2.5504055619930477,0.4517188103514871,2.0,2.451718810351487,3.9971031286210894,0.9175357280803399,0.13422170722286597,1.668404789494013,2.017767477790653,10.144650444186945,93.0,0.7894896259276086,0.36303333060355414,0.45248044236388196
153,2006.0,SF,3.817707200348053,8.548183597998694,0.6952360234935828,1.9738960191429193,3.12247117685447,6.574287578855776,2.263650206656515,2.996301936045247,1.0404611703284752,3.0580813574070045,4.0985425277354794,1.7544050467696324,0.8055253426147487,0.4420274091798999,1.337611485751577,2.15314335436154,10.594300630846204,76.0,0.7554813416581966,0.3522151201234296,0.4749520217060419
154,2006.0,SG,3.9254977520873475,8.956112181545707,0.9124384500107043,2.4981802611860418,3.013059302076643,6.457931920359666,2.154356668807536,2.728965960179833,0.6221365874545065,2.2260757867694285,2.848212374223935,2.2656818668379364,0.8205951616356241,0.21001926782273603,1.4354527938342967,1.9961464354527938,10.917790622992936,87.0,0.7894406527025967,0.3652412374667923,0.46656721365821313
155,2007.0,C,3.255959595959596,6.356565656565657,0.06161616161616162,0.19090909090909092,3.1943434343434345,6.165656565656565,1.8149494949494949,2.727070707070707,1.8973737373737374,4.051515151515152,5.948888888888889,1.0072727272727273,0.4903030303030303,1.0226262626262625,1.3646464646464647,2.615959595959596,8.388484848484849,64.0,0.665530780057782,0.32275132275132273,0.518086500655308
156,2007.0,PF,3.1903758342114505,6.788198103266597,0.33175272216368107,0.9492448191078328,2.8586231120477694,5.838953284158763,1.5683175272216368,2.138215665612926,1.4327362135581314,3.3997190024587285,4.83245521601686,1.17053038285915,0.5463645943097998,0.4675096592904812,1.2012644889357218,2.284334387074113,8.280821917808218,98.0,0.73347022587269,0.3494912118408881,0.489578007038229
157,2007.0,PG,3.4322895485969904,8.067303782025213,0.7982919886132575,2.310492069947133,2.633997559983733,5.756811712078081,1.8507523383489224,2.3084587230581537,0.4426596177307849,1.9286295241968279,2.3712891419276128,4.10878405856039,0.8700691337942253,0.11102074013826758,1.667141114274095,1.8641724278161855,9.513623424156162,83.0,0.8017264159253061,0.34550734841151104,0.45754450409720254
158,2007.0,SF,4.128815188656573,9.087238644556598,0.8719057918769526,2.380197068012497,3.25690939677962,6.7070415765441,2.184090362893535,2.861331410718577,1.0295602018745493,3.0632059601057438,4.092766161980293,1.813746695505888,0.8447488584474886,0.4609468877673636,1.4342706080269165,2.1732756548906513,11.313626532083633,65.0,0.7633126154879892,0.36631663974151857,0.4855955281639673
159,2007.0,SG,4.012120082043633,9.037665485735596,0.9655043818758158,2.6207346634346447,3.0466157001678167,6.416930822300951,2.2653365653552116,2.8372179750139845,0.6244639194480701,2.2356889800484803,2.8601528994965504,2.4165578966996084,0.8344210330039157,0.2127540555659146,1.4825657281372366,1.9576729442476226,11.255081111318292,88.0,0.7984358569926393,0.36840981856990396,0.47477770674725406
160,2008.0,C,3.2832269297736505,6.568968852776166,0.09847165796092087,0.297929967111627,3.1847552718127297,6.271038885664539,1.7813890501064036,2.5958599342232542,1.9131360030953763,4.147804217450184,6.06094022054556,1.0377248984329657,0.485587154188431,0.9736893016057264,1.2458889533758948,2.4292899980653897,8.446314567614627,77.0,0.6862423610076017,0.33051948051948055,0.5078513034089156
161,2008.0,PF,3.481983727237505,7.3740798140255714,0.35586981790003874,1.059860519178613,3.126113909337466,6.314219294846959,1.6766757070902751,2.31092599767532,1.5308020147229755,3.6745447500968615,5.205346764819837,1.2516466485858195,0.6512979465323518,0.575164664858582,1.1365749709414956,2.2838047268500583,8.996512979465324,96.0,0.7255427948696453,0.33577042588192285,0.4950911210652267
162,2008.0,PG,3.4859579779488246,8.03203661327231,0.8285833159975037,2.299563137091741,2.6573746619513208,5.73247347618057,1.6290825878926565,2.0376534220927813,0.40274599542334094,1.9787809444560016,2.381526939879343,4.256708966091117,0.8857915539837736,0.12585812356979406,1.5739546494695236,1.7928021635115456,9.42958185978781,95.0,0.7994895354772843,0.36032205536457396,0.4635651037886485
163,2008.0,SF,4.255133349067736,9.4250649044135,0.9445362284635355,2.5357564314373375,3.3105971206042013,6.889308472976162,2.244276610809535,2.8949728581543543,1.0346943592164266,3.067500590040123,4.10219494925655,1.988907245692707,0.8364408779797026,0.43356148218078827,1.4038234599952797,2.1052631578947367,11.699079537408544,77.0,0.7752323495842166,0.37248696947133286,0.4805412812607058
164,2008.0,SG,3.980765741244783,9.061331881691164,1.0511703864997277,2.855198693522047,2.9295953547450555,6.206133188169116,2.022500453638178,2.5322083106514244,0.6242061331881691,2.323171838141898,2.947377971330067,2.321175830157866,0.7662856105969879,0.2190165124296861,1.355107965886409,1.7827980402830703,11.035202322627473,86.0,0.798710139734862,0.36816015252621537,0.4720484182211567
165,2009.0,C,3.275711574952562,6.348956356736243,0.07115749525616698,0.20948766603415558,3.2045540796963947,6.1394686907020875,1.7385199240986717,2.5007590132827326,1.9296015180265655,3.962428842504744,5.892030360531309,1.0341555977229602,0.47571157495256167,0.9850094876660341,1.1927893738140418,2.5079696394686906,8.361100569259962,76.0,0.6951969041657181,0.33967391304347827,0.5219595116674394
166,2009.0,PF,3.821003401360544,8.025510204081632,0.4487670068027211,1.2140731292517006,3.3722363945578233,6.811437074829932,1.8832908163265305,2.522108843537415,1.5686649659863945,3.820578231292517,5.389243197278912,1.2083333333333333,0.6483843537414966,0.5922619047619048,1.2287414965986394,2.3575680272108843,9.97406462585034,89.0,0.7467127444369521,0.3696375415864122,0.495084423082925
167,2009.0,PG,3.627945431996693,8.388590326581232,0.8241008681273253,2.2761471682513434,2.8038445638693674,6.112443158329889,1.9648615130219098,2.3999586606035552,0.5062009094667218,2.0739975196362135,2.580198429102935,4.2689127738735015,0.9458453906572964,0.1302190988011575,1.691194708557255,1.8238941711451013,10.04485324514262,87.0,0.8187063991042977,0.36205957137668,0.45871094278371427
168,2009.0,SF,3.917375960141167,8.793855096533111,0.9113556155283371,2.4839111480174383,3.0060203446128297,6.309943948515674,1.9900352916753166,2.535810670541831,0.9150923811500934,3.047332364542246,3.96242474569234,1.8324683412912601,0.7874195557400872,0.42433049615943536,1.2854473738841603,1.99231887066639,10.736142827485986,76.0,0.7847728203029062,0.3669034684496448,0.476394143773647
169,2009.0,SG,3.9302,8.9798,1.0978,2.9582,2.8324,6.0216,1.9588,2.398,0.5504,2.1724,2.7228,2.1982,0.7914,0.2332,1.321,1.8074,10.917,84.0,0.8168473728106755,0.3711040497599892,0.4703733227049289
170,2010.0,C,3.399432853959895,6.608871784484505,0.09742758760380799,0.29673891026939436,3.302005266356087,6.31213287421511,1.6678144622240227,2.425967186550537,1.8523394774154345,4.0488150698804946,5.901154547295929,1.1073526433056513,0.4762001215312943,0.9748835325096212,1.2262507595705894,2.4697184525015192,8.56410775774762,69.0,0.687484344994573,0.32832764505119455,0.523120367102012
171,2010.0,PF,3.9423498902852585,8.15539597047676,0.34290843806104127,1.0049870337123479,3.599441452224217,7.150408936764412,1.9158188709355675,2.5928585677239178,1.729902254139238,3.9680829842409735,5.697985238380212,1.257929383602633,0.6670656293636545,0.6339517255136645,1.2557350887692,2.402353879912228,10.143427089567126,85.0,0.7388829050623172,0.3412068281063914,0.5033895940856465
172,2010.0,PG,3.7186400937866355,8.460140679953106,0.8688940992575225,2.41031652989449,2.849745994529113,6.049824150058616,1.785072293864791,2.2268464243845254,0.44704962876123483,1.9562329034779211,2.4032825322391558,4.2284095349746,0.8874560375146542,0.14634622899570143,1.716881594372802,1.7993356779992185,10.091246580695584,86.0,0.8016144599455997,0.36048962386511024,0.4710460872654459
173,2010.0,SF,3.6313838550247115,8.16824546952224,0.8589373970345964,2.436985172981878,2.772446457990115,5.731260296540363,1.882001647446458,2.418863261943987,0.8255766062602965,2.9569604612850084,3.782537067545305,1.6554777594728172,0.7349670510708401,0.39209225700164746,1.191515650741351,1.8401976935749589,10.003706754530478,81.0,0.7780521028435212,0.3524590163934426,0.4837411519528583
174,2010.0,SG,3.9922274493761507,9.104929433421967,1.0235221926774392,2.8531397013704236,2.9687052566987115,6.251789732051544,1.9850685211699735,2.5074657394150135,0.5811004295356924,2.338515033749233,2.9196154632849254,2.2100634076498262,0.8085498056862344,0.2665166700756801,1.3160155451012476,1.826140314992841,10.993045612599714,86.0,0.7916632678032466,0.3587353932181518,0.4748568624243416
175,2011.0,C,3.1329817291391975,6.173667357317762,0.03296289320022603,0.11000188359389716,3.1000188359389718,6.063665473723865,1.6059521567150123,2.378790732718026,1.7824449048785083,3.754567715200603,5.5370126200791105,1.0207195328687135,0.49180636654737236,0.9327556978715389,1.168393294405726,2.413072141646261,7.904878508193633,78.0,0.6751128355372555,0.2996575342465753,0.5112450298210736
176,2011.0,PF,3.9830153071922836,8.171734116166911,0.3562591738309918,0.9928706227720696,3.6267561333612917,7.178863493394842,1.859509331096666,2.5045082826588385,1.74543929544978,4.018871880897462,5.764311176347243,1.2897882155588174,0.6340951981547495,0.613126441602013,1.1947997483749213,2.3426294820717133,10.181799119312224,84.0,0.7424648359008706,0.35881731784582893,0.5051992055146629
177,2011.0,PG,3.6536658141517475,8.447570332480819,0.815004262574595,2.321611253196931,2.8386615515771525,6.125959079283888,1.9803921568627452,2.4138959931798807,0.4708013640238704,2.002557544757033,2.4733589087809036,4.637894288150043,0.9471440750213129,0.16219096334185848,1.8753196930946292,1.7738704177323104,10.102728047740836,87.0,0.8204132085467067,0.35105113375562286,0.46338238875552307
178,2011.0,SF,3.596357814688813,8.104662797678607,0.8759255553331999,2.4422653592155292,2.720432259355613,5.662397438463078,1.7620572343406045,2.272763658194917,0.8034820892535521,2.8685211126676005,3.672003201921153,1.6549929957974785,0.7314388633179908,0.41364818891334804,1.1715029017410445,1.8395037022213327,9.830698419051432,88.0,0.7752927709782513,0.3586529006882989,0.4804382399717264
179,2011.0,SG,3.877088748607501,8.894912736724843,1.0789082807278128,2.9515410323059785,2.798180467879688,5.943371704418864,1.9066097289268473,2.3544374303750466,0.525993316004456,2.25454883030078,2.780542146305236,2.0954326030449315,0.7963238024507984,0.23431117712588193,1.2768288154474563,1.7554771630152246,10.739695506869662,96.0,0.8097941802696947,0.36554066805057556,0.4708069101246447
180,2012.0,C,3.055991627420199,6.0881737310308734,0.030088958660387233,0.11590790162218734,3.0259026687598114,5.972265829408687,1.4578754578754578,2.1834118262689692,1.8532182103610675,3.9521193092621663,5.805337519623234,0.9510727367870225,0.5520669806384092,0.9950287807430664,1.1596023024594453,2.1792255363683934,7.599947671376243,77.0,0.6677052127022168,0.2595936794582393,0.5066590729869447
181,2012.0,PF,3.6205367043690395,7.6522510534486585,0.28653803504102904,0.8343313373253493,3.3339986693280106,6.817919716123309,1.6021290751829673,2.2293191394987804,1.731647815480151,3.7298735861610113,5.461521401641162,1.124196052339765,0.6152140164116212,0.6478154801508095,1.1488134841428255,2.131292969616323,9.129740518962075,83.0,0.7186629526462395,0.3434343434343434,0.4890052696636523
182,2012.0,PG,3.6252215750822994,8.56064826538364,0.8526209166877691,2.479615092428463,2.77260065839453,6.081033172955179,1.7801975183590784,2.203342618384401,0.4469485945809066,1.9840465940744492,2.4309951886553556,4.2453785768549,0.9523930108888327,0.17675360850848315,1.8589516333248923,1.6809318814889846,9.883261585211446,91.0,0.8079531088380646,0.34385212418300654,0.4559423669526109
183,2012.0,SF,3.326289926289926,7.7346437346437344,0.8294840294840294,2.4117936117936116,2.496805896805897,5.322850122850123,1.5093366093366094,1.962899262899263,0.8184275184275184,2.9194103194103196,3.7378378378378376,1.660933660933661,0.7663390663390663,0.4063882063882064,1.184029484029484,1.6773955773955773,8.99140049140049,82.0,0.7689322818875954,0.34392828035859824,0.4690731166912851
184,2012.0,SG,3.711206896551724,8.658348457350272,1.0306261343012704,2.854355716878403,2.680580762250454,5.80399274047187,1.7005444646098005,2.1290834845735027,0.5728221415607986,2.123638838475499,2.6964609800362975,2.1107078039927405,0.779491833030853,0.22912885662431942,1.3266787658802177,1.6651542649727769,10.153584392014519,81.0,0.7987213638785297,0.36107137180098553,0.4618511569731082
185,2013.0,C,3.344105326152005,6.572311988829044,0.023538799122282066,0.09734689806503093,3.320566527029723,6.474965090764013,1.4376620785956513,2.135048872930381,1.9349690803909834,3.990624376620786,5.925593457011769,1.0562537402752843,0.533213644524237,1.0243367245162578,1.2022740873728306,2.2495511669658885,8.149411530021943,69.0,0.6733626086144071,0.24180327868852455,0.5128315721371577
186,2013.0,PF,3.79893499816379,7.937201615864855,0.3567756151303709,1.027175908923981,3.442159383033419,6.910025706940874,1.644876973925817,2.3049944913698126,1.6621373485126698,3.882298934998164,5.544436283510834,1.353654058024238,0.6538744032317297,0.6307381564450973,1.2107969151670952,2.1184355490268088,9.599522585383768,88.0,0.7136142754719987,0.34733643189131214,0.49813988095238093
187,2013.0,PG,3.7987529563534723,8.81767361857665,1.0172006020210707,2.7927327456460977,2.7815523543324017,6.024940872930553,1.7718770156955495,2.1818963663728232,0.4674263599225973,1.966458826058912,2.4338851859815094,4.479251773812083,0.9881745861105139,0.18168135884755968,1.8297140399913998,1.8314341001935068,10.386583530423565,79.0,0.812081198265668,0.3642312726152898,0.4616729712368853
188,2013.0,SF,3.1936223028451405,7.460759977086118,0.9683024632423143,2.6872255107886196,2.225319839602826,4.773534466297499,1.4456750047737255,1.8604162688562154,0.7542486156196295,2.779453885812488,3.5337025014321175,1.6140920374260073,0.7548214626694673,0.37082299026160015,1.1334733626121825,1.6551460759977086,8.80122207370632,91.0,0.7770707174381608,0.3603353940169118,0.4661786471458858
189,2013.0,SG,3.5926062846580407,8.383179297597042,1.0609981515711646,2.943253234750462,2.531608133086876,5.43992606284658,1.67818853974122,2.1046210720887246,0.47689463955637706,2.0829944547134933,2.5598890942698707,2.303512014787431,0.8123844731977818,0.23382624768946395,1.3358595194085028,1.621996303142329,9.924399260628466,90.0,0.7973827507465308,0.3604848332600641,0.4653754672103296
190,2014.0,C,3.245606605970781,6.326275672242219,0.09083209824264239,0.2773660808807961,3.154774507728139,6.048909591361423,1.511539275883972,2.211094643235232,1.9036629261062883,4.133389794622063,6.037052720728351,1.0709294939656997,0.5024348930764345,0.918695744230362,1.2083421554096971,2.287529112852001,8.093584586068177,68.0,0.6836158192090396,0.32748091603053436,0.5215443312681578
191,2014.0,PF,3.9675182481751823,8.237591240875913,0.42135036496350364,1.212956204379562,3.546167883211679,7.024635036496351,1.8217153284671532,2.512956204379562,1.6177007299270072,3.9401459854014598,5.557846715328467,1.3777372262773722,0.641970802919708,0.6191605839416059,1.2372262773722629,2.183941605839416,10.178102189781022,88.0,0.7249291990414639,0.34737475552881,0.5048188076373555
192,2014.0,PG,3.95480690221857,9.351889893179951,1.0813475760065736,3.0299917830731307,2.8734593262119965,6.32189811010682,2.0184880854560396,2.5084223500410845,0.4891125718981101,2.203985209531635,2.693097781429745,4.4424815119145435,0.9895234182415776,0.17399342645850452,1.8773623664749384,1.9106409202958095,11.009449465899754,89.0,0.804684301040046,0.35688135593220344,0.45452477660438667
193,2014.0,SF,3.3545854872678538,7.653072946582424,0.9823856021443614,2.7296572850852,2.3721998851234924,4.9234156614972235,1.5031591039632395,1.9699406471376604,0.7897759908098794,2.976641776756653,3.7664177675665327,1.7221903120811795,0.8207926479035037,0.3691365115833812,1.1826536473291211,1.8686578594677388,9.19471568064331,97.0,0.7630479152492954,0.3598933857052676,0.48181994944584877
194,2014.0,SG,3.5565364387678438,8.19947407963937,1.1121337340345605,3.007137490608565,2.444402704733283,5.192336589030804,1.703794139744553,2.125281743050338,0.46656649135987976,2.0520285499624342,2.518595041322314,2.0477084898572504,0.7325319308790383,0.20416979714500375,1.2702854996243427,1.7073628850488354,9.9290007513148,101.0,0.8016791869200178,0.3698313554028732,0.47077123426421646
195,2015.0,C,3.5336044520547945,6.898330479452055,0.07084760273972603,0.2183219178082192,3.4627568493150687,6.680008561643835,1.6089469178082192,2.38527397260274,2.077696917808219,4.412885273972603,6.490582191780822,1.1568921232876712,0.5316780821917808,1.0089897260273972,1.23951198630137,2.2977311643835616,8.747003424657533,61.0,0.6745333811916726,0.3245098039215686,0.5183761094556057
196,2015.0,PF,3.487175013086721,7.417379165939627,0.448961786773687,1.3339731285988483,3.0382132263130344,6.083406037340779,1.4697260512999477,2.078171348804746,1.4484383179200837,3.72011865294015,5.168556970860234,1.3153027394870005,0.6178677368696562,0.5704065608096318,1.0690978886756237,2.046414238352818,8.893037864247077,106.0,0.7072208228379513,0.3365598430346632,0.49942634235888017
197,2015.0,PG,3.8692113931408643,9.120131757411354,0.9910869986436737,2.89827552799845,2.8781243944971906,6.2218562294129045,1.9120325518310406,2.3795776012400696,0.48149583414067043,2.279209455531874,2.760705289672544,4.325905832203062,0.9494284053478008,0.171865917457857,1.8260027126525866,1.815539624103856,10.641542336756443,102.0,0.803517628857585,0.3419574809466506,0.4625829155118184
198,2015.0,SF,3.154903185509057,7.266083697688944,0.9858421819696024,2.7670206121174266,2.1690610035394546,4.4990630855715175,1.4128669581511555,1.8369768894440974,0.7282948157401624,2.756818655007287,3.4851134707474496,1.506350197793046,0.7353737247553612,0.3114719966687487,1.0605871330418488,1.6685404955236312,8.708515511138872,86.0,0.7691261475688541,0.3562829194883371,0.4821139340089778
199,2015.0,SG,3.6820448877805485,8.703954399714998,1.16601353758461,3.2461702885643033,2.516031350195939,5.457784111150695,1.7041325258282864,2.144638403990025,0.49697185607410044,2.2768079800498753,2.7737798361239756,2.0837192732454577,0.8147488421802637,0.2548984681154257,1.2983612397577484,1.7600641254007838,10.234235838973994,101.0,0.7946013289036544,0.35919666374012293,0.4609986945169713
200,2016.0,C,3.595034595034595,6.946072446072446,0.11945461945461945,0.3614163614163614,3.4755799755799757,6.584656084656085,1.7224257224257224,2.5856735856735855,1.903947903947904,4.417989417989418,6.321937321937322,1.192918192918193,0.5634920634920635,1.0067155067155067,1.2203907203907205,2.223239723239723,9.031949531949532,62.0,0.6661419801668503,0.330518018018018,0.5278301449454523
201,2016.0,PF,3.275811209439528,7.004793510324483,0.5588126843657817,1.5896017699115044,2.7169985250737465,5.415191740412979,1.3606194690265487,1.8650442477876106,1.3886430678466077,3.6474926253687316,5.036135693215339,1.3196902654867257,0.5855457227138643,0.549594395280236,1.0317109144542773,1.961283185840708,8.471054572271386,94.0,0.7295373665480428,0.35154256553003943,0.5017363475418767
202,2016.0,PG,3.9093041438623923,9.074472243940578,1.019546520719312,2.8811571540265835,2.8897576231430806,6.1933150899139955,1.9044175136825645,2.3805707584050038,0.4900312744331509,2.403440187646599,2.89347146207975,4.278537920250195,0.9593432369038312,0.2040656763096169,1.816849100860047,1.8053166536356529,10.742572322126662,91.0,0.7999835782905,0.3538670284938941,0.4665930250907369
203,2016.0,SF,3.502784712886499,8.024198194737853,1.067217207605147,3.0581908968695988,2.435567505281352,4.966007297868254,1.6483579796427885,2.1108123679661994,0.7126944497791434,3.0320722104858846,3.744766660265028,1.690608795851738,0.7927789514115614,0.34530439792586903,1.1843671980026886,1.8348377184559248,9.721144613020934,76.0,0.7809116549904467,0.34897010801306205,0.49044783045865886
204,2016.0,SG,3.764445264906775,8.808381022706294,1.2113716079010521,3.3561011630053534,2.5530736570057226,5.452279859700941,1.720324903082887,2.118700387668451,0.4648329333579472,2.2970278752076796,2.761860808565627,2.052796750969171,0.7978585933173343,0.2626915266752815,1.2702602916743586,1.7539228355178142,10.46058704079749,92.0,0.8119717696262089,0.3609460946094609,0.46825799898425596
205,2017.0,C,3.7124975929135373,7.034662045060658,0.28615443866743695,0.8107067205854034,3.4263431542461005,6.223955324475255,1.663200462160601,2.4217215482380126,1.891007124975929,4.4163296745619105,6.30733679953784,1.2948199499326016,0.5734642788368958,0.8981321009050645,1.2012324282688234,2.232428268823416,9.374350086655113,71.0,0.6867843511450382,0.35296912114014256,0.5505089570248446
206,2017.0,PF,3.359362389023406,7.282284100080711,0.7070217917675545,2.0528652138821633,2.6523405972558516,5.229418886198547,1.3648103309120259,1.8163841807909604,1.2197336561743342,3.544188861985472,4.763922518159807,1.3652138821630346,0.5958434221146085,0.5004035512510089,1.0512510088781275,1.9390637610976593,8.790556900726392,87.0,0.7513885803154855,0.3444073127580106,0.5071960489254158
207,2017.0,PG,3.9637408361402815,9.131563304933623,1.121656429562116,3.1210620170398258,2.842084406578165,6.010501287893798,2.1563304933623937,2.6116504854368934,0.4596790172379632,2.353279175747969,2.812958192985932,4.268674460075292,0.8765603328710125,0.20170398256389935,1.774717654051912,1.7344957400435903,11.205468595205073,85.0,0.8256581442986116,0.3593829355002539,0.47285313993736605
208,2017.0,SF,3.6237661351556567,8.082004555808656,1.0499240698557328,2.9941154138192863,2.573842065299924,5.08788914198937,1.7145026575550493,2.191533788914199,0.7834092634776006,3.1932422171602126,3.976651480637813,1.7298785117691724,0.8274487471526196,0.40793470007593013,1.096431283219438,1.8099848139711465,10.011958997722095,77.0,0.7823300129926374,0.3506625245672986,0.5058762078871768
209,2017.0,SG,3.707136563876652,8.604581497797357,1.333215859030837,3.6151541850220266,2.373920704845815,4.98942731277533,1.5096035242290748,1.8592070484581498,0.4641409691629956,2.2762995594713655,2.740440528634361,2.0283700440528634,0.7469603524229075,0.24193832599118942,1.1836123348017622,1.6666079295154186,10.257092511013216,101.0,0.8119609515685717,0.3687853382725677,0.4757902171993643
