,Year,Tm,Age,height,weight
0,1976.0,ATL,24.583333333333332,197.0,90.25
1,1976.0,BOS,27.083333333333332,199.25,92.83333333333333
2,1976.0,BUF,27.266666666666666,198.13333333333333,92.8
3,1976.0,CHI,27.533333333333335,202.0,93.8
4,1976.0,CLE,26.333333333333332,200.33333333333334,93.93333333333334
5,1976.0,DET,25.875,196.3125,92.4375
6,1976.0,GSW,25.583333333333332,196.5,90.16666666666667
7,1976.0,HOU,25.384615384615383,198.07692307692307,90.6923076923077
8,1976.0,KCK,25.857142857142858,197.85714285714286,92.42857142857143
9,1976.0,LAL,27.88235294117647,198.2941176470588,91.6470588235294
10,1976.0,MIL,25.333333333333332,199.08333333333334,93.91666666666667
11,1976.0,NOJ,25.692307692307693,198.23076923076923,89.92307692307692
12,1976.0,NYK,27.2,197.86666666666667,92.26666666666667
13,1976.0,PHI,26.642857142857142,200.07142857142858,92.21428571428571
14,1976.0,PHO,25.928571428571427,197.85714285714286,92.35714285714286
15,1976.0,POR,26.133333333333333,199.86666666666667,92.46666666666667
16,1976.0,SEA,24.6,198.93333333333334,93.13333333333334
17,1976.0,WSB,27.166666666666668,196.16666666666666,93.16666666666667
18,1977.0,ATL,24.375,199.6875,94.0
19,1977.0,BOS,26.916666666666668,200.08333333333334,94.0
20,1977.0,BUF,25.789473684210527,198.6315789473684,92.94736842105263
21,1977.0,CHI,25.5,201.375,93.4375
22,1977.0,CLE,26.6,197.66666666666666,91.33333333333333
23,1977.0,DEN,27.5,194.35714285714286,88.64285714285714
24,1977.0,DET,25.357142857142858,197.07142857142858,91.85714285714286
25,1977.0,GSW,25.428571428571427,198.14285714285714,91.28571428571429
26,1977.0,HOU,25.714285714285715,197.85714285714286,90.5
27,1977.0,IND,24.9375,198.0,91.4375
28,1977.0,KCK,25.416666666666668,198.33333333333334,93.5
29,1977.0,LAL,26.4,197.66666666666666,91.26666666666667
30,1977.0,MIL,25.11764705882353,197.7058823529412,91.11764705882354
31,1977.0,NOJ,25.642857142857142,197.21428571428572,87.71428571428571
32,1977.0,NYK,27.5,197.5625,92.875
33,1977.0,NYN,26.764705882352942,199.2941176470588,92.88235294117646
34,1977.0,PHI,25.615384615384617,199.84615384615384,92.23076923076923
35,1977.0,PHO,26.09090909090909,199.0,93.27272727272727
36,1977.0,POR,24.384615384615383,198.15384615384616,90.38461538461539
37,1977.0,SAS,25.857142857142858,195.5,87.85714285714286
38,1977.0,SEA,25.133333333333333,199.53333333333333,90.8
39,1977.0,WSB,27.2,196.73333333333332,92.6
40,1978.0,ATL,25.307692307692307,198.53846153846155,90.38461538461539
41,1978.0,BOS,28.294117647058822,199.23529411764707,94.47058823529412
42,1978.0,BUF,25.944444444444443,197.44444444444446,89.77777777777777
43,1978.0,CHI,26.133333333333333,200.13333333333333,95.26666666666667
44,1978.0,CLE,27.5,197.75,92.66666666666667
45,1978.0,DEN,25.0,196.66666666666666,89.8
46,1978.0,DET,26.0,197.16666666666666,93.16666666666667
47,1978.0,GSW,26.0,196.14285714285714,89.92857142857143
48,1978.0,HOU,25.57894736842105,198.26315789473685,90.47368421052632
49,1978.0,IND,24.705882352941178,200.23529411764707,91.23529411764706
50,1978.0,KCK,25.533333333333335,198.4,93.0
51,1978.0,LAL,25.5625,199.3125,92.5
52,1978.0,MIL,24.428571428571427,200.28571428571428,93.28571428571429
53,1978.0,NJN,25.294117647058822,196.58823529411765,90.58823529411765
54,1978.0,NOJ,26.384615384615383,197.53846153846155,90.6923076923077
55,1978.0,NYK,26.583333333333332,196.91666666666666,92.58333333333333
56,1978.0,PHI,25.615384615384617,200.46153846153845,92.76923076923077
57,1978.0,PHO,25.333333333333332,199.41666666666666,92.5
58,1978.0,POR,25.8,199.73333333333332,92.73333333333333
59,1978.0,SAS,26.857142857142858,197.85714285714286,88.85714285714286
60,1978.0,SEA,25.8,199.53333333333333,89.86666666666666
61,1978.0,WSB,26.0,196.16666666666666,91.41666666666667
62,1979.0,ATL,24.307692307692307,197.6153846153846,90.53846153846153
63,1979.0,BOS,26.58823529411765,200.41176470588235,92.94117647058823
64,1979.0,CHI,25.714285714285715,198.21428571428572,90.71428571428571
65,1979.0,CLE,26.857142857142858,197.14285714285714,93.0
66,1979.0,DEN,25.307692307692307,198.84615384615384,92.6923076923077
67,1979.0,DET,25.25,197.45,89.45
68,1979.0,GSW,24.307692307692307,198.84615384615384,92.46153846153847
69,1979.0,HOU,26.692307692307693,197.3846153846154,90.07692307692308
70,1979.0,IND,24.923076923076923,198.84615384615384,91.15384615384616
71,1979.0,KCK,25.928571428571427,200.28571428571428,90.5
72,1979.0,LAL,26.23076923076923,197.76923076923077,90.61538461538461
73,1979.0,MIL,24.153846153846153,198.15384615384616,94.15384615384616
74,1979.0,NJN,25.76923076923077,198.15384615384616,92.46153846153847
75,1979.0,NOJ,26.066666666666666,199.26666666666668,92.33333333333333
76,1979.0,NYK,26.0,200.06666666666666,91.8
77,1979.0,PHI,26.142857142857142,198.35714285714286,90.14285714285714
78,1979.0,PHO,25.692307692307693,197.76923076923077,91.61538461538461
79,1979.0,POR,25.6,200.46666666666667,93.33333333333333
80,1979.0,SAS,27.0,200.0,90.33333333333333
81,1979.0,SDC,25.857142857142858,200.42857142857142,94.28571428571429
82,1979.0,SEA,26.571428571428573,200.14285714285714,93.35714285714286
83,1979.0,WSB,26.75,197.08333333333334,93.5
84,1980.0,ATL,26.133333333333333,198.53333333333333,92.0
85,1980.0,BOS,27.583333333333332,198.0,88.75
86,1980.0,CHI,26.533333333333335,199.73333333333332,93.86666666666666
87,1980.0,CLE,27.6,198.0,92.4
88,1980.0,DEN,26.066666666666666,200.26666666666668,92.2
89,1980.0,DET,24.705882352941178,199.47058823529412,93.76470588235294
90,1980.0,GSW,25.53846153846154,198.46153846153845,91.3076923076923
91,1980.0,HOU,27.066666666666666,199.0,92.86666666666666
92,1980.0,IND,25.3125,199.1875,89.4375
93,1980.0,KCK,25.5,199.5,92.5
94,1980.0,LAL,25.6,198.46666666666667,91.2
95,1980.0,MIL,25.5,199.83333333333334,94.33333333333333
96,1980.0,NJN,26.333333333333332,198.93333333333334,93.6
97,1980.0,NYK,25.25,199.75,91.0
98,1980.0,PHI,26.214285714285715,196.64285714285714,89.85714285714286
99,1980.0,PHO,25.833333333333332,199.58333333333334,92.16666666666667
100,1980.0,POR,26.428571428571427,199.85714285714286,92.78571428571429
101,1980.0,SAS,26.4,201.6,94.86666666666666
102,1980.0,SDC,26.5,201.64285714285714,93.0
103,1980.0,SEA,26.545454545454547,199.0909090909091,92.63636363636364
104,1980.0,UTA,25.6,196.75,90.6
105,1980.0,WSB,27.352941176470587,198.0,92.58823529411765
106,1981.0,ATL,26.4,199.6,90.93333333333334
107,1981.0,BOS,26.5,198.5,87.75
108,1981.0,CHI,25.76923076923077,200.6153846153846,91.53846153846153
109,1981.0,CLE,26.27777777777778,199.27777777777777,92.83333333333333
110,1981.0,DAL,24.523809523809526,199.57142857142858,92.33333333333333
111,1981.0,DEN,25.8125,198.875,92.6875
112,1981.0,DET,24.5,200.3125,91.4375
113,1981.0,GSW,25.3125,196.5625,89.75
114,1981.0,HOU,26.46153846153846,199.0,90.76923076923077
115,1981.0,IND,25.285714285714285,199.64285714285714,92.14285714285714
116,1981.0,KCK,26.076923076923077,199.3846153846154,94.15384615384616
117,1981.0,LAL,25.642857142857142,199.21428571428572,89.07142857142857
118,1981.0,MIL,26.727272727272727,199.27272727272728,92.72727272727273
119,1981.0,NJN,24.846153846153847,197.53846153846155,91.53846153846153
120,1981.0,NYK,24.4,200.2,93.3
121,1981.0,PHI,26.846153846153847,199.07692307692307,91.38461538461539
122,1981.0,PHO,25.363636363636363,200.36363636363637,92.18181818181819
123,1981.0,POR,25.923076923076923,200.30769230769232,94.07692307692308
124,1981.0,SAS,26.642857142857142,201.07142857142858,93.07142857142857
125,1981.0,SDC,26.714285714285715,198.28571428571428,92.07142857142857
126,1981.0,SEA,26.933333333333334,200.53333333333333,96.26666666666667
127,1981.0,UTA,24.9375,197.3125,91.125
128,1981.0,WSB,26.833333333333332,196.05555555555554,91.27777777777777
129,1982.0,ATL,26.5,197.5,89.6875
130,1982.0,BOS,26.5,198.28571428571428,88.71428571428571
131,1982.0,CHI,25.857142857142858,201.0,91.42857142857143
132,1982.0,CLE,25.782608695652176,200.30434782608697,92.78260869565217
133,1982.0,DAL,24.384615384615383,200.0,93.76923076923077
134,1982.0,DEN,27.076923076923077,196.92307692307693,91.84615384615384
135,1982.0,DET,25.0,199.22222222222223,92.66666666666667
136,1982.0,GSW,24.25,197.66666666666666,89.33333333333333
137,1982.0,HOU,27.53846153846154,199.3846153846154,92.3076923076923
138,1982.0,IND,26.846153846153847,199.76923076923077,91.3076923076923
139,1982.0,KCK,24.875,201.0625,95.4375
140,1982.0,LAL,26.285714285714285,200.71428571428572,91.85714285714286
141,1982.0,MIL,27.470588235294116,198.1764705882353,92.88235294117646
142,1982.0,NJN,24.866666666666667,198.93333333333334,93.66666666666667
143,1982.0,NYK,27.0,200.85714285714286,92.78571428571429
144,1982.0,PHI,27.76923076923077,198.46153846153845,90.92307692307692
145,1982.0,PHO,25.615384615384617,201.3846153846154,90.84615384615384
146,1982.0,POR,25.428571428571427,202.78571428571428,95.71428571428571
147,1982.0,SAS,26.176470588235293,202.23529411764707,94.17647058823529
148,1982.0,SDC,26.176470588235293,197.41176470588235,89.11764705882354
149,1982.0,SEA,26.25,199.625,92.6875
150,1982.0,UTA,24.46153846153846,198.6153846153846,96.15384615384616
151,1982.0,WSB,25.692307692307693,198.07692307692307,91.23076923076923
152,1983.0,ATL,27.058823529411764,200.52941176470588,92.05882352941177
153,1983.0,BOS,27.153846153846153,199.07692307692307,90.07692307692308
154,1983.0,CHI,25.133333333333333,201.2,93.26666666666667
155,1983.0,CLE,26.11764705882353,202.05882352941177,93.82352941176471
156,1983.0,DAL,24.846153846153847,199.84615384615384,94.0
157,1983.0,DEN,26.642857142857142,199.5,93.42857142857143
158,1983.0,DET,25.11111111111111,201.83333333333334,97.33333333333333
159,1983.0,GSW,24.705882352941178,197.58823529411765,88.05882352941177
160,1983.0,HOU,28.357142857142858,200.92857142857142,90.57142857142857
161,1983.0,IND,24.384615384615383,201.0,95.23076923076923
162,1983.0,KCK,24.571428571428573,200.21428571428572,95.21428571428571
163,1983.0,LAL,27.333333333333332,201.66666666666666,93.13333333333334
164,1983.0,MIL,29.25,199.625,93.75
165,1983.0,NJN,25.266666666666666,199.26666666666668,92.53333333333333
166,1983.0,NYK,25.714285714285715,199.64285714285714,91.21428571428571
167,1983.0,PHI,25.642857142857142,199.78571428571428,91.92857142857143
168,1983.0,PHO,25.928571428571427,201.85714285714286,91.21428571428571
169,1983.0,POR,24.928571428571427,199.71428571428572,92.14285714285714
170,1983.0,SAS,26.944444444444443,201.33333333333334,94.44444444444444
171,1983.0,SDC,25.944444444444443,198.55555555555554,90.83333333333333
172,1983.0,SEA,26.846153846153847,200.30769230769232,94.84615384615384
173,1983.0,UTA,25.571428571428573,199.0,93.35714285714286
174,1983.0,WSB,26.333333333333332,197.66666666666666,93.16666666666667
175,1984.0,ATL,27.058823529411764,198.52941176470588,91.52941176470588
176,1984.0,BOS,27.5,198.5,91.33333333333333
177,1984.0,CHI,24.53846153846154,200.23076923076923,92.23076923076923
178,1984.0,CLE,25.0,200.41666666666666,97.0
179,1984.0,DAL,24.615384615384617,200.07692307692307,93.46153846153847
180,1984.0,DEN,26.642857142857142,200.35714285714286,94.78571428571429
181,1984.0,DET,25.285714285714285,199.64285714285714,93.92857142857143
182,1984.0,GSW,25.133333333333333,198.2,88.0
183,1984.0,HOU,27.0,201.76923076923077,92.46153846153847
184,1984.0,IND,24.071428571428573,199.78571428571428,95.21428571428571
185,1984.0,KCK,26.333333333333332,200.06666666666666,94.4
186,1984.0,LAL,27.5,201.28571428571428,93.5
187,1984.0,MIL,28.25,198.75,91.9375
188,1984.0,NJN,25.307692307692307,199.6153846153846,93.92307692307692
189,1984.0,NYK,27.307692307692307,201.30769230769232,92.0
190,1984.0,PHI,26.133333333333333,197.06666666666666,90.06666666666666
191,1984.0,PHO,26.928571428571427,200.71428571428572,91.14285714285714
192,1984.0,POR,25.23076923076923,200.0,93.6923076923077
193,1984.0,SAS,26.4,201.4,95.25
194,1984.0,SDC,25.125,199.875,91.625
195,1984.0,SEA,27.071428571428573,200.28571428571428,93.28571428571429
196,1984.0,UTA,26.416666666666668,201.33333333333334,94.08333333333333
197,1984.0,WSB,25.357142857142858,199.5,93.28571428571429
198,1985.0,ATL,25.72222222222222,197.27777777777777,90.72222222222223
199,1985.0,BOS,28.307692307692307,198.46153846153845,92.07692307692308
200,1985.0,CHI,25.785714285714285,201.35714285714286,93.64285714285714
201,1985.0,CLE,26.38888888888889,197.66666666666666,92.66666666666667
202,1985.0,DAL,24.333333333333332,200.0,95.25
203,1985.0,DEN,27.333333333333332,199.41666666666666,93.25
204,1985.0,DET,26.352941176470587,198.35294117647058,93.41176470588235
205,1985.0,GSW,25.46153846153846,198.15384615384616,91.07692307692308
206,1985.0,HOU,25.642857142857142,200.21428571428572,91.78571428571429
207,1985.0,IND,23.866666666666667,200.66666666666666,92.53333333333333
208,1985.0,KCK,26.1875,200.0,94.1875
209,1985.0,LAC,26.357142857142858,200.28571428571428,93.57142857142857
210,1985.0,LAL,27.214285714285715,203.42857142857142,93.57142857142857
211,1985.0,MIL,25.444444444444443,199.94444444444446,93.83333333333333
212,1985.0,NJN,26.5625,200.8125,94.875
213,1985.0,NYK,26.666666666666668,200.83333333333334,92.41666666666667
214,1985.0,PHI,27.357142857142858,198.64285714285714,92.78571428571429
215,1985.0,PHO,26.466666666666665,200.93333333333334,91.46666666666667
216,1985.0,POR,25.166666666666668,201.5,96.0
217,1985.0,SAS,27.058823529411764,201.52941176470588,92.6470588235294
218,1985.0,SEA,25.466666666666665,199.93333333333334,94.53333333333333
219,1985.0,UTA,27.0,200.8,93.26666666666667
220,1985.0,WSB,26.266666666666666,198.46666666666667,90.8
221,1986.0,ATL,25.375,197.0,90.25
222,1986.0,BOS,28.153846153846153,200.53846153846155,92.46153846153847
223,1986.0,CHI,26.294117647058822,198.23529411764707,89.58823529411765
224,1986.0,CLE,26.75,200.25,93.9375
225,1986.0,DAL,25.142857142857142,203.85714285714286,99.28571428571429
226,1986.0,DEN,26.75,199.58333333333334,92.0
227,1986.0,DET,26.428571428571427,202.42857142857142,96.07142857142857
228,1986.0,GSW,26.5,198.5,90.57142857142857
229,1986.0,HOU,25.692307692307693,202.0,93.38461538461539
230,1986.0,IND,24.928571428571427,201.07142857142858,94.92857142857143
231,1986.0,LAC,26.36842105263158,200.6315789473684,95.42105263157895
232,1986.0,LAL,27.466666666666665,204.6,97.2
233,1986.0,MIL,26.0625,199.875,91.5625
234,1986.0,NJN,27.5,200.78571428571428,95.5
235,1986.0,NYK,25.8125,201.3125,93.3125
236,1986.0,PHI,26.61111111111111,198.88888888888889,92.77777777777777
237,1986.0,PHO,25.705882352941178,201.64705882352942,93.41176470588235
238,1986.0,POR,26.0,201.0,95.0
239,1986.0,SAC,26.357142857142858,199.57142857142858,94.85714285714286
240,1986.0,SAS,26.88888888888889,199.22222222222223,91.77777777777777
241,1986.0,SEA,26.4375,201.1875,94.75
242,1986.0,UTA,26.714285714285715,203.42857142857142,94.64285714285714
243,1986.0,WSB,26.842105263157894,200.31578947368422,91.78947368421052
244,1987.0,ATL,25.933333333333334,197.46666666666667,89.8
245,1987.0,BOS,27.9375,199.875,91.5
246,1987.0,CHI,25.58823529411765,200.23529411764707,93.94117647058823
247,1987.0,CLE,25.214285714285715,200.42857142857142,93.28571428571429
248,1987.0,DAL,25.384615384615383,201.92307692307693,96.76923076923077
249,1987.0,DEN,26.785714285714285,199.92857142857142,92.42857142857143
250,1987.0,DET,26.333333333333332,201.0,95.0
251,1987.0,GSW,26.285714285714285,198.85714285714286,91.71428571428571
252,1987.0,HOU,25.933333333333334,202.33333333333334,94.4
253,1987.0,IND,26.133333333333333,202.26666666666668,97.8
254,1987.0,LAC,26.352941176470587,198.64705882352942,92.52941176470588
255,1987.0,LAL,27.153846153846153,202.3846153846154,95.38461538461539
256,1987.0,MIL,27.454545454545453,200.4090909090909,92.72727272727273
257,1987.0,NJN,27.0,200.23529411764707,94.23529411764706
258,1987.0,NYK,26.352941176470587,201.88235294117646,92.3529411764706
259,1987.0,PHI,26.4,200.13333333333333,94.53333333333333
260,1987.0,PHO,25.428571428571427,202.92857142857142,95.42857142857143
261,1987.0,POR,25.941176470588236,202.64705882352942,98.58823529411765
262,1987.0,SAC,25.933333333333334,198.6,93.53333333333333
263,1987.0,SAS,26.0,201.35294117647058,96.11764705882354
264,1987.0,SEA,26.666666666666668,200.33333333333334,91.46666666666667
265,1987.0,UTA,26.916666666666668,200.25,94.25
266,1987.0,WSB,26.133333333333333,198.73333333333332,89.86666666666666
267,1988.0,ATL,26.133333333333333,197.93333333333334,90.6
268,1988.0,BOS,28.5,203.125,94.0
269,1988.0,CHI,26.2,200.46666666666667,93.53333333333333
270,1988.0,CLE,25.0625,200.375,94.0625
271,1988.0,DAL,26.083333333333332,202.5,98.33333333333333
272,1988.0,DEN,27.9375,199.9375,93.6875
273,1988.0,DET,27.466666666666665,204.0,98.6
274,1988.0,GSW,25.761904761904763,199.57142857142858,91.66666666666667
275,1988.0,HOU,27.266666666666666,199.93333333333334,91.93333333333334
276,1988.0,IND,25.46153846153846,202.07692307692307,96.92307692307692
277,1988.0,LAC,25.55,200.35,93.85
278,1988.0,LAL,28.0,201.66666666666666,94.6
279,1988.0,MIL,27.25,201.15,93.45
280,1988.0,NJN,26.3,199.0,93.5
281,1988.0,NYK,26.3,197.65,89.4
282,1988.0,PHI,26.444444444444443,200.66666666666666,95.27777777777777
283,1988.0,PHO,26.94736842105263,202.1578947368421,96.78947368421052
284,1988.0,POR,27.25,200.8125,96.125
285,1988.0,SAC,25.6875,202.125,94.875
286,1988.0,SAS,26.0,198.57894736842104,92.21052631578948
287,1988.0,SEA,25.692307692307693,200.46153846153845,91.76923076923077
288,1988.0,UTA,27.4,199.86666666666667,95.0
289,1988.0,WSB,26.23076923076923,197.46153846153845,88.15384615384616
290,1989.0,ATL,27.923076923076923,199.0,90.38461538461539
291,1989.0,BOS,27.470588235294116,201.7058823529412,94.47058823529412
292,1989.0,CHH,26.8125,196.875,92.8125
293,1989.0,CHI,26.3125,200.9375,94.5625
294,1989.0,CLE,26.818181818181817,199.1818181818182,90.36363636363636
295,1989.0,DAL,27.6875,202.0625,97.8125
296,1989.0,DEN,29.0,198.4375,92.8125
297,1989.0,DET,28.235294117647058,199.52941176470588,96.6470588235294
298,1989.0,GSW,26.0,202.76470588235293,94.0
299,1989.0,HOU,27.214285714285715,201.0,92.28571428571429
300,1989.0,IND,25.41176470588235,201.58823529411765,95.47058823529412
301,1989.0,LAC,24.85,200.75,93.55
302,1989.0,LAL,29.333333333333332,201.75,95.0
303,1989.0,MIA,25.176470588235293,197.8235294117647,91.17647058823529
304,1989.0,MIL,28.176470588235293,199.7058823529412,91.6470588235294
305,1989.0,NJN,26.0,199.13333333333333,90.73333333333333
306,1989.0,NYK,25.333333333333332,199.58333333333334,91.91666666666667
307,1989.0,PHI,26.6875,198.6875,94.6875
308,1989.0,PHO,25.58823529411765,200.76470588235293,97.47058823529412
309,1989.0,POR,27.470588235294116,201.23529411764707,95.05882352941177
310,1989.0,SAC,25.5,202.6875,97.0
311,1989.0,SAS,26.454545454545453,200.22727272727272,94.18181818181819
312,1989.0,SEA,26.928571428571427,200.71428571428572,92.5
313,1989.0,UTA,26.2,201.13333333333333,97.13333333333334
314,1989.0,WSB,25.923076923076923,198.53846153846155,91.0
315,1990.0,ATL,27.27777777777778,195.0,86.72222222222223
316,1990.0,BOS,28.615384615384617,201.46153846153845,94.38461538461539
317,1990.0,CHH,26.15,197.55,91.7
318,1990.0,CHI,26.214285714285715,201.14285714285714,95.71428571428571
319,1990.0,CLE,25.5625,200.5,91.625
320,1990.0,DAL,27.8,199.2,96.0
321,1990.0,DEN,28.857142857142858,198.14285714285714,93.0
322,1990.0,DET,29.0,199.28571428571428,94.28571428571429
323,1990.0,GSW,26.61111111111111,203.11111111111111,96.83333333333333
324,1990.0,HOU,27.625,200.4375,92.3125
325,1990.0,IND,27.076923076923077,202.30769230769232,96.3076923076923
326,1990.0,LAC,24.95,198.1,91.95
327,1990.0,LAL,28.066666666666666,202.86666666666667,97.53333333333333
328,1990.0,MIA,25.53846153846154,198.30769230769232,93.53846153846153
329,1990.0,MIL,28.444444444444443,201.05555555555554,93.44444444444444
330,1990.0,MIN,26.066666666666666,202.66666666666666,95.6
331,1990.0,NJN,25.789473684210527,198.10526315789474,92.15789473684211
332,1990.0,NYK,26.357142857142858,200.57142857142858,93.78571428571429
333,1990.0,ORL,26.928571428571427,199.78571428571428,93.35714285714286
334,1990.0,PHI,27.125,197.5,93.125
335,1990.0,PHO,25.6875,198.375,93.1875
336,1990.0,POR,26.615384615384617,201.23076923076923,96.15384615384616
337,1990.0,SAC,26.133333333333333,200.93333333333334,94.4
338,1990.0,SAS,26.625,201.375,93.25
339,1990.0,SEA,25.933333333333334,198.8,90.8
340,1990.0,UTA,26.4,199.8,96.8
341,1990.0,WSB,26.076923076923077,200.30769230769232,94.46153846153847
342,1991.0,ATL,27.357142857142858,196.85714285714286,90.21428571428571
343,1991.0,BOS,27.466666666666665,203.06666666666666,95.2
344,1991.0,CHH,25.823529411764707,199.52941176470588,96.05882352941177
345,1991.0,CHI,26.583333333333332,202.75,96.91666666666667
346,1991.0,CLE,25.866666666666667,199.4,91.66666666666667
347,1991.0,DAL,29.2,200.2,94.4
348,1991.0,DEN,26.142857142857142,198.38095238095238,93.57142857142857
349,1991.0,DET,30.642857142857142,200.78571428571428,95.78571428571429
350,1991.0,GSW,26.72222222222222,200.61111111111111,97.38888888888889
351,1991.0,HOU,26.857142857142858,200.85714285714286,94.92857142857143
352,1991.0,IND,26.642857142857142,201.57142857142858,94.0
353,1991.0,LAC,25.1875,202.1875,96.4375
354,1991.0,LAL,28.0,201.84615384615384,96.46153846153847
355,1991.0,MIA,24.357142857142858,199.78571428571428,92.64285714285714
356,1991.0,MIL,28.5,199.25,93.75
357,1991.0,MIN,26.0,200.0,96.57142857142857
358,1991.0,NJN,25.875,200.3125,93.375
359,1991.0,NYK,27.0,197.69230769230768,92.23076923076923
360,1991.0,ORL,26.142857142857142,199.92857142857142,95.21428571428571
361,1991.0,PHI,27.444444444444443,199.5,93.94444444444444
362,1991.0,PHO,26.9375,200.5625,96.125
363,1991.0,POR,28.076923076923077,201.3846153846154,96.61538461538461
364,1991.0,SAC,25.833333333333332,200.94444444444446,94.16666666666667
365,1991.0,SAS,25.823529411764707,199.2941176470588,90.0
366,1991.0,SEA,27.25,200.5,93.375
367,1991.0,UTA,27.666666666666668,202.06666666666666,98.0
368,1991.0,WSB,25.733333333333334,198.73333333333332,91.73333333333333
369,1992.0,ATL,26.6,199.2,93.66666666666667
370,1992.0,BOS,28.166666666666668,198.66666666666666,92.22222222222223
371,1992.0,CHH,25.38888888888889,194.38888888888889,90.38888888888889
372,1992.0,CHI,28.1875,203.0,95.75
373,1992.0,CLE,26.0,196.86666666666667,90.53333333333333
374,1992.0,DAL,27.470588235294116,198.47058823529412,94.47058823529412
375,1992.0,DEN,25.866666666666667,201.66666666666666,95.26666666666667
376,1992.0,DET,29.285714285714285,199.28571428571428,93.64285714285714
377,1992.0,GSW,26.263157894736842,201.3684210526316,98.15789473684211
378,1992.0,HOU,27.9375,199.6875,93.625
379,1992.0,IND,26.466666666666665,201.93333333333334,96.33333333333333
380,1992.0,LAC,26.647058823529413,198.41176470588235,88.94117647058823
381,1992.0,LAL,27.133333333333333,200.4,95.33333333333333
382,1992.0,MIA,24.6875,199.8125,92.75
383,1992.0,MIL,29.071428571428573,200.42857142857142,94.57142857142857
384,1992.0,MIN,26.125,200.875,96.5
385,1992.0,NJN,25.46153846153846,199.0,93.3076923076923
386,1992.0,NYK,27.4,200.6,97.66666666666667
387,1992.0,ORL,25.88235294117647,199.76470588235293,95.3529411764706
388,1992.0,PHI,26.875,199.8125,93.6875
389,1992.0,PHO,27.23076923076923,200.53846153846155,96.38461538461539
390,1992.0,POR,27.714285714285715,199.28571428571428,94.5
391,1992.0,SAC,24.8125,199.5625,94.8125
392,1992.0,SAS,26.75,198.0,91.75
393,1992.0,SEA,26.928571428571427,200.35714285714286,93.78571428571429
394,1992.0,UTA,27.357142857142858,200.28571428571428,98.85714285714286
395,1992.0,WSB,26.1875,200.125,92.125
396,1993.0,ATL,27.058823529411764,200.1764705882353,94.88235294117646
397,1993.0,BOS,27.941176470588236,200.58823529411765,95.52941176470588
398,1993.0,CHH,26.333333333333332,196.0,90.8
399,1993.0,CHI,28.125,201.8125,97.1875
400,1993.0,CLE,27.46153846153846,197.3846153846154,92.0
401,1993.0,DAL,24.77777777777778,198.55555555555554,95.16666666666667
402,1993.0,DEN,24.928571428571427,201.07142857142858,95.21428571428571
403,1993.0,DET,29.25,199.125,95.5
404,1993.0,GSW,26.4,198.5,95.95
405,1993.0,HOU,28.5,199.92857142857142,91.71428571428571
406,1993.0,IND,26.46153846153846,202.30769230769232,94.76923076923077
407,1993.0,LAC,26.933333333333334,197.8,94.8
408,1993.0,LAL,27.142857142857142,201.5,98.42857142857143
409,1993.0,MIA,25.0,201.84615384615384,95.61538461538461
410,1993.0,MIL,27.42105263157895,202.52631578947367,98.10526315789474
411,1993.0,MIN,25.733333333333334,203.6,101.06666666666666
412,1993.0,NJN,27.555555555555557,200.61111111111111,96.27777777777777
413,1993.0,NYK,27.846153846153847,199.46153846153845,94.61538461538461
414,1993.0,ORL,25.8125,199.0,96.875
415,1993.0,PHI,27.153846153846153,200.76923076923077,92.15384615384616
416,1993.0,PHO,28.2,199.6,97.73333333333333
417,1993.0,POR,27.142857142857142,201.5,99.0
418,1993.0,SAC,26.625,197.75,92.5
419,1993.0,SAS,27.733333333333334,200.93333333333334,94.06666666666666
420,1993.0,SEA,27.357142857142858,201.92857142857142,97.07142857142857
421,1993.0,UTA,28.2,201.6,100.73333333333333
422,1993.0,WSB,26.05263157894737,199.0,91.57894736842105
423,1994.0,ATL,28.133333333333333,197.93333333333334,92.13333333333334
424,1994.0,BOS,26.866666666666667,199.33333333333334,94.66666666666667
425,1994.0,CHH,27.68421052631579,197.0,92.57894736842105
426,1994.0,CHI,27.8,205.46666666666667,99.0
427,1994.0,CLE,27.625,198.5625,95.0625
428,1994.0,DAL,26.0,201.05555555555554,97.5
429,1994.0,DEN,24.823529411764707,198.47058823529412,92.41176470588235
430,1994.0,DET,28.11111111111111,201.88888888888889,96.11111111111111
431,1994.0,GSW,25.75,196.75,96.0625
432,1994.0,HOU,27.333333333333332,200.4,94.86666666666666
433,1994.0,IND,27.6875,200.5625,92.4375
434,1994.0,LAC,26.470588235294116,198.94117647058823,97.41176470588235
435,1994.0,LAL,27.75,204.6875,98.3125
436,1994.0,MIA,26.133333333333333,203.93333333333334,95.86666666666666
437,1994.0,MIL,26.875,202.25,98.1875
438,1994.0,MIN,25.6875,202.3125,98.875
439,1994.0,NJN,27.25,201.5,96.625
440,1994.0,NYK,28.8125,199.1875,94.0
441,1994.0,ORL,26.72222222222222,203.5,100.44444444444444
442,1994.0,PHI,27.058823529411764,202.47058823529412,95.23529411764706
443,1994.0,PHO,27.470588235294116,198.47058823529412,97.6470588235294
444,1994.0,POR,27.071428571428573,200.35714285714286,96.71428571428571
445,1994.0,SAC,26.294117647058822,199.76470588235293,96.23529411764706
446,1994.0,SAS,29.23076923076923,202.07692307692307,93.53846153846153
447,1994.0,SEA,27.214285714285715,200.14285714285714,96.92857142857143
448,1994.0,UTA,26.57894736842105,200.31578947368422,98.10526315789474
449,1994.0,WSB,26.5,203.4,96.55
450,1995.0,ATL,28.77777777777778,197.61111111111111,90.83333333333333
451,1995.0,BOS,27.058823529411764,197.05882352941177,93.41176470588235
452,1995.0,CHH,28.4375,193.6875,89.8125
453,1995.0,CHI,28.0,204.46666666666667,98.66666666666667
454,1995.0,CLE,28.714285714285715,196.85714285714286,92.21428571428571
455,1995.0,DAL,25.214285714285715,199.0,94.21428571428571
456,1995.0,DEN,26.470588235294116,198.47058823529412,93.23529411764706
457,1995.0,DET,26.3125,199.875,97.8125
458,1995.0,GSW,27.0,201.44444444444446,94.66666666666667
459,1995.0,HOU,28.176470588235293,200.8235294117647,96.82352941176471
460,1995.0,IND,29.133333333333333,201.26666666666668,94.2
461,1995.0,LAC,25.0625,200.9375,97.8125
462,1995.0,LAL,27.3125,203.75,96.3125
463,1995.0,MIA,26.933333333333334,199.0,94.33333333333333
464,1995.0,MIL,26.785714285714285,200.28571428571428,92.64285714285714
465,1995.0,MIN,25.666666666666668,201.11111111111111,97.16666666666667
466,1995.0,NJN,27.666666666666668,203.6,98.66666666666667
467,1995.0,NYK,28.875,199.3125,95.625
468,1995.0,ORL,27.266666666666666,203.53333333333333,100.33333333333333
469,1995.0,PHI,25.842105263157894,199.52631578947367,93.73684210526316
470,1995.0,PHO,28.2,199.6,97.86666666666666
471,1995.0,POR,29.0625,198.3125,93.75
472,1995.0,SAC,26.066666666666666,197.86666666666667,93.33333333333333
473,1995.0,SAS,28.666666666666668,199.66666666666666,94.53333333333333
474,1995.0,SEA,27.928571428571427,201.85714285714286,100.78571428571429
475,1995.0,UTA,28.866666666666667,200.06666666666666,97.2
476,1995.0,WSB,25.1875,202.9375,100.6875
477,1996.0,ATL,27.833333333333332,199.5,95.11111111111111
478,1996.0,BOS,25.88888888888889,200.83333333333334,100.77777777777777
479,1996.0,CHH,27.952380952380953,195.66666666666666,91.0
480,1996.0,CHI,29.733333333333334,204.73333333333332,99.8
481,1996.0,CLE,26.4,199.86666666666667,98.86666666666666
482,1996.0,DAL,25.533333333333335,200.33333333333334,97.06666666666666
483,1996.0,DEN,26.529411764705884,200.52941176470588,96.76470588235294
484,1996.0,DET,26.857142857142858,200.85714285714286,97.35714285714286
485,1996.0,GSW,26.941176470588236,201.11764705882354,96.0
486,1996.0,HOU,28.77777777777778,199.22222222222223,95.27777777777777
487,1996.0,IND,28.928571428571427,200.71428571428572,95.71428571428571
488,1996.0,LAC,24.928571428571427,202.14285714285714,99.42857142857143
489,1996.0,LAL,27.5,202.64285714285714,97.64285714285714
490,1996.0,MIA,28.136363636363637,198.22727272727272,92.45454545454545
491,1996.0,MIL,28.352941176470587,201.47058823529412,97.76470588235294
492,1996.0,MIN,26.470588235294116,198.94117647058823,95.58823529411765
493,1996.0,NJN,27.166666666666668,202.11111111111111,96.11111111111111
494,1996.0,NYK,29.294117647058822,200.88235294117646,96.6470588235294
495,1996.0,ORL,27.8125,203.625,99.5625
496,1996.0,PHI,27.416666666666668,198.95833333333334,92.70833333333333
497,1996.0,PHO,27.0625,201.3125,100.5625
498,1996.0,POR,27.0,200.86666666666667,98.86666666666666
499,1996.0,SAC,26.4375,197.4375,94.0625
500,1996.0,SAS,28.642857142857142,201.42857142857142,97.07142857142857
501,1996.0,SEA,29.076923076923077,198.76923076923077,94.92307692307692
502,1996.0,TOR,26.42105263157895,201.89473684210526,99.15789473684211
503,1996.0,UTA,27.928571428571427,202.07142857142858,99.57142857142857
504,1996.0,VAN,26.77777777777778,199.77777777777777,97.16666666666667
505,1996.0,WSB,26.19047619047619,198.33333333333334,96.0952380952381
506,1997.0,ATL,27.294117647058822,203.11764705882354,99.76470588235294
507,1997.0,BOS,27.555555555555557,199.94444444444446,95.0
508,1997.0,CHH,28.5,199.55555555555554,98.94444444444444
509,1997.0,CHI,30.066666666666666,203.93333333333334,99.66666666666667
510,1997.0,CLE,26.153846153846153,200.46153846153845,99.3076923076923
511,1997.0,DAL,26.296296296296298,202.14814814814815,99.22222222222223
512,1997.0,DEN,27.52173913043478,195.43478260869566,91.3913043478261
513,1997.0,DET,27.75,198.8125,94.6875
514,1997.0,GSW,26.125,200.1875,95.75
515,1997.0,HOU,30.0,197.0,92.94444444444444
516,1997.0,IND,28.31578947368421,201.10526315789474,95.42105263157895
517,1997.0,LAC,26.066666666666666,200.46666666666667,99.86666666666666
518,1997.0,LAL,27.470588235294116,203.1764705882353,102.11764705882354
519,1997.0,MIA,26.94736842105263,201.52631578947367,94.6842105263158
520,1997.0,MIL,27.470588235294116,201.52941176470588,98.58823529411765
521,1997.0,MIN,27.0,198.84615384615384,95.46153846153847
522,1997.0,NJN,27.956521739130434,202.65217391304347,99.52173913043478
523,1997.0,NYK,29.307692307692307,198.07692307692307,94.76923076923077
524,1997.0,ORL,28.529411764705884,202.05882352941177,95.47058823529412
525,1997.0,PHI,26.3125,199.4375,98.0625
526,1997.0,PHO,27.5,200.77272727272728,99.5909090909091
527,1997.0,POR,26.210526315789473,196.47368421052633,93.78947368421052
528,1997.0,SAC,27.0625,198.875,94.6875
529,1997.0,SAS,28.263157894736842,201.57894736842104,98.3157894736842
530,1997.0,SEA,29.5,201.9375,95.8125
531,1997.0,TOR,27.047619047619047,201.0,98.42857142857143
532,1997.0,UTA,27.733333333333334,200.13333333333333,97.13333333333334
533,1997.0,VAN,25.5625,200.0625,97.875
534,1997.0,WSB,26.266666666666666,201.93333333333334,98.4
535,1998.0,ATL,27.625,198.625,95.375
536,1998.0,BOS,24.944444444444443,197.88888888888889,91.33333333333333
537,1998.0,CHH,29.27777777777778,196.72222222222223,95.27777777777777
538,1998.0,CHI,29.470588235294116,202.8235294117647,99.52941176470588
539,1998.0,CLE,26.0,198.6875,92.875
540,1998.0,DAL,25.944444444444443,201.05555555555554,99.33333333333333
541,1998.0,DEN,25.875,200.1875,98.8125
542,1998.0,DET,26.875,200.75,98.9375
543,1998.0,GSW,26.636363636363637,198.45454545454547,96.45454545454545
544,1998.0,HOU,31.285714285714285,199.0,95.42857142857143
545,1998.0,IND,28.571428571428573,202.5,96.0
546,1998.0,LAC,25.866666666666667,200.8,98.6
547,1998.0,LAL,25.692307692307693,202.84615384615384,104.46153846153847
548,1998.0,MIA,27.666666666666668,202.83333333333334,97.61111111111111
549,1998.0,MIL,27.8125,197.9375,97.1875
550,1998.0,MIN,27.1875,198.625,95.75
551,1998.0,NJN,28.72222222222222,202.05555555555554,96.88888888888889
552,1998.0,NYK,31.5,198.125,93.25
553,1998.0,ORL,30.0,198.3181818181818,91.18181818181819
554,1998.0,PHI,26.59090909090909,201.77272727272728,98.9090909090909
555,1998.0,PHO,27.357142857142858,200.42857142857142,99.07142857142857
556,1998.0,POR,26.75,200.5,97.75
557,1998.0,SAC,26.352941176470587,200.0,95.94117647058823
558,1998.0,SAS,28.5,201.0,97.21428571428571
559,1998.0,SEA,29.625,200.9375,94.5
560,1998.0,TOR,25.541666666666668,199.54166666666666,98.70833333333333
561,1998.0,UTA,28.071428571428573,199.5,97.42857142857143
562,1998.0,VAN,27.0625,199.375,96.0
563,1998.0,WAS,26.875,198.6875,94.25
564,1999.0,ATL,28.0,199.28571428571428,98.0
565,1999.0,BOS,25.1875,200.125,97.5625
566,1999.0,CHH,29.058823529411764,201.05882352941177,97.41176470588235
567,1999.0,CHI,27.666666666666668,201.8,99.2
568,1999.0,CLE,26.235294117647058,199.47058823529412,94.52941176470588
569,1999.0,DAL,25.307692307692307,203.69230769230768,98.84615384615384
570,1999.0,DEN,24.875,200.5625,97.9375
571,1999.0,DET,27.0,198.94444444444446,96.5
572,1999.0,GSW,28.46153846153846,197.6153846153846,97.3076923076923
573,1999.0,HOU,29.4375,200.4375,98.0625
574,1999.0,IND,29.0,202.35714285714286,96.5
575,1999.0,LAC,25.875,199.5,99.125
576,1999.0,LAL,27.58823529411765,201.2941176470588,101.17647058823529
577,1999.0,MIA,29.352941176470587,201.35294117647058,96.05882352941177
578,1999.0,MIL,27.94736842105263,198.21052631578948,97.26315789473684
579,1999.0,MIN,26.65,201.45,98.2
580,1999.0,NJN,26.434782608695652,199.69565217391303,94.73913043478261
581,1999.0,NYK,29.928571428571427,199.0,94.5
582,1999.0,ORL,29.176470588235293,200.64705882352942,96.58823529411765
583,1999.0,PHI,26.88888888888889,202.66666666666666,99.05555555555556
584,1999.0,PHO,27.705882352941178,200.2941176470588,99.0
585,1999.0,POR,27.5,199.25,96.125
586,1999.0,SAC,26.0,200.875,102.625
587,1999.0,SAS,29.642857142857142,198.35714285714286,94.57142857142857
588,1999.0,SEA,27.875,200.9375,94.375
589,1999.0,TOR,26.9375,197.5,93.0
590,1999.0,UTA,29.285714285714285,200.07142857142858,97.0
591,1999.0,VAN,26.22222222222222,199.27777777777777,96.94444444444444
592,1999.0,WAS,27.666666666666668,200.0,99.0
593,2000.0,ATL,26.071428571428573,199.07142857142858,98.57142857142857
594,2000.0,BOS,26.133333333333333,197.8,96.53333333333333
595,2000.0,CHH,27.647058823529413,198.11764705882354,94.05882352941177
596,2000.0,CHI,27.31578947368421,199.47368421052633,99.0
597,2000.0,CLE,26.75,200.95,98.15
598,2000.0,DAL,26.352941176470587,200.0,95.88235294117646
599,2000.0,DEN,25.941176470588236,201.0,98.52941176470588
600,2000.0,DET,27.866666666666667,200.6,98.2
601,2000.0,GSW,27.08695652173913,199.43478260869566,96.1304347826087
602,2000.0,HOU,27.647058823529413,201.52941176470588,101.94117647058823
603,2000.0,IND,29.0,204.35714285714286,97.5
604,2000.0,LAC,25.823529411764707,202.58823529411765,99.82352941176471
605,2000.0,LAL,27.933333333333334,200.13333333333333,98.2
606,2000.0,MIA,28.375,201.0,97.25
607,2000.0,MIL,28.357142857142858,199.71428571428572,98.42857142857143
608,2000.0,MIN,27.0,200.15384615384616,96.53846153846153
609,2000.0,NJN,28.4,201.86666666666667,96.53333333333333
610,2000.0,NYK,29.0625,199.25,94.0625
611,2000.0,ORL,25.63157894736842,198.0,96.52631578947368
612,2000.0,PHI,26.555555555555557,202.44444444444446,98.05555555555556
613,2000.0,PHO,29.176470588235293,202.76470588235293,101.82352941176471
614,2000.0,POR,30.142857142857142,202.0,97.85714285714286
615,2000.0,SAC,28.142857142857142,200.14285714285714,98.0
616,2000.0,SAS,30.4,199.0,96.26666666666667
617,2000.0,SEA,28.066666666666666,200.4,95.13333333333334
618,2000.0,TOR,28.625,197.875,92.8125
619,2000.0,UTA,30.0,200.84615384615384,99.0
620,2000.0,VAN,27.266666666666666,199.33333333333334,97.66666666666667
621,2000.0,WAS,27.375,200.0,98.0625
622,2001.0,ATL,26.347826086956523,198.69565217391303,95.1304347826087
623,2001.0,BOS,26.294117647058822,198.8235294117647,96.76470588235294
624,2001.0,CHH,28.75,201.4375,97.8125
625,2001.0,CHI,23.2,202.06666666666666,102.93333333333334
626,2001.0,CLE,27.5,199.1,98.25
627,2001.0,DAL,26.9,203.1,100.65
628,2001.0,DEN,28.22222222222222,202.11111111111111,99.83333333333333
629,2001.0,DET,27.705882352941178,199.41176470588235,97.05882352941177
630,2001.0,GSW,27.142857142857142,198.66666666666666,97.42857142857143
631,2001.0,HOU,27.0,200.13333333333333,97.6
632,2001.0,IND,27.2,204.26666666666668,98.33333333333333
633,2001.0,LAC,24.733333333333334,199.6,98.93333333333334
634,2001.0,LAL,28.133333333333333,200.46666666666667,99.26666666666667
635,2001.0,MIA,29.4375,199.125,95.875
636,2001.0,MIL,27.333333333333332,199.4,96.8
637,2001.0,MIN,28.2,198.4,96.06666666666666
638,2001.0,NJN,27.263157894736842,200.1578947368421,95.52631578947368
639,2001.0,NYK,29.375,199.625,97.0625
640,2001.0,ORL,27.125,198.125,95.5
641,2001.0,PHI,27.473684210526315,201.52631578947367,96.36842105263158
642,2001.0,PHO,28.533333333333335,200.06666666666666,98.66666666666667
643,2001.0,POR,31.25,200.8125,95.25
644,2001.0,SAC,27.428571428571427,202.14285714285714,100.5
645,2001.0,SAS,29.666666666666668,199.13333333333333,95.86666666666666
646,2001.0,SEA,28.071428571428573,201.0,97.64285714285714
647,2001.0,TOR,30.05,198.7,97.05
648,2001.0,UTA,29.857142857142858,200.07142857142858,97.78571428571429
649,2001.0,VAN,28.4,198.0,95.53333333333333
650,2001.0,WAS,27.38095238095238,199.23809523809524,97.71428571428571
651,2002.0,ATL,26.666666666666668,202.11111111111111,98.77777777777777
652,2002.0,BOS,25.9375,199.0,97.25
653,2002.0,CHH,28.266666666666666,202.8,100.93333333333334
654,2002.0,CHI,25.470588235294116,201.0,98.6470588235294
655,2002.0,CLE,25.866666666666667,202.66666666666666,102.73333333333333
656,2002.0,DAL,28.05,200.9,98.85
657,2002.0,DEN,27.666666666666668,200.47619047619048,100.0952380952381
658,2002.0,DET,28.133333333333333,199.26666666666668,97.53333333333333
659,2002.0,GSW,26.133333333333333,198.06666666666666,97.13333333333334
660,2002.0,HOU,26.428571428571427,197.57142857142858,94.0
661,2002.0,IND,25.176470588235293,203.52941176470588,96.0
662,2002.0,LAC,25.6875,198.4375,99.625
663,2002.0,LAL,27.6,199.46666666666667,100.06666666666666
664,2002.0,MEM,26.647058823529413,197.23529411764707,94.23529411764706
665,2002.0,MIA,28.176470588235293,201.58823529411765,100.23529411764706
666,2002.0,MIL,28.642857142857142,199.92857142857142,99.35714285714286
667,2002.0,MIN,27.625,198.5,96.75
668,2002.0,NJN,26.125,201.125,97.25
669,2002.0,NYK,29.857142857142858,199.0,95.57142857142857
670,2002.0,ORL,28.705882352941178,200.47058823529412,95.3529411764706
671,2002.0,PHI,27.210526315789473,200.57894736842104,97.63157894736842
672,2002.0,PHO,26.166666666666668,198.88888888888889,97.38888888888889
673,2002.0,POR,28.733333333333334,197.26666666666668,93.4
674,2002.0,SAC,27.071428571428573,200.5,98.21428571428571
675,2002.0,SAS,28.866666666666667,200.66666666666666,96.66666666666667
676,2002.0,SEA,26.0,202.375,101.375
677,2002.0,TOR,28.235294117647058,201.35294117647058,98.88235294117646
678,2002.0,UTA,28.785714285714285,199.21428571428572,98.92857142857143
679,2002.0,WAS,26.357142857142858,199.42857142857142,99.85714285714286
680,2003.0,ATL,27.38095238095238,199.76190476190476,97.0952380952381
681,2003.0,BOS,28.058823529411764,202.8235294117647,101.05882352941177
682,2003.0,CHI,25.133333333333333,203.46666666666667,102.86666666666666
683,2003.0,CLE,24.357142857142858,200.92857142857142,99.28571428571429
684,2003.0,DAL,28.764705882352942,202.11764705882354,99.82352941176471
685,2003.0,DEN,25.285714285714285,199.28571428571428,95.23809523809524
686,2003.0,DET,29.0,199.13333333333333,95.6
687,2003.0,GSW,25.1875,198.0625,97.8125
688,2003.0,HOU,25.6,201.73333333333332,100.6
689,2003.0,IND,26.214285714285715,201.78571428571428,96.57142857142857
690,2003.0,LAC,25.333333333333332,203.6,103.93333333333334
691,2003.0,LAL,27.428571428571427,201.71428571428572,102.28571428571429
692,2003.0,MEM,24.41176470588235,201.05882352941177,100.0
693,2003.0,MIA,26.428571428571427,199.28571428571428,100.28571428571429
694,2003.0,MIL,27.625,201.5625,98.8125
695,2003.0,MIN,28.0,198.42857142857142,95.57142857142857
696,2003.0,NJN,27.933333333333334,200.46666666666667,96.53333333333333
697,2003.0,NOH,28.6875,199.1875,97.375
698,2003.0,NYK,28.53846153846154,199.76923076923077,97.53846153846153
699,2003.0,ORL,26.764705882352942,201.7058823529412,98.23529411764706
700,2003.0,PHI,28.4375,201.1875,102.6875
701,2003.0,PHO,26.285714285714285,203.14285714285714,99.78571428571429
702,2003.0,POR,28.733333333333334,200.86666666666667,98.6
703,2003.0,SAC,27.5,200.64285714285714,98.0
704,2003.0,SAS,29.533333333333335,196.86666666666667,92.33333333333333
705,2003.0,SEA,26.88235294117647,201.52941176470588,99.52941176470588
706,2003.0,TOR,27.36842105263158,201.6315789473684,98.47368421052632
707,2003.0,UTA,29.53846153846154,199.92307692307693,99.84615384615384
708,2003.0,WAS,27.25,201.0,100.875
709,2004.0,ATL,26.695652173913043,200.52173913043478,98.91304347826087
710,2004.0,BOS,26.473684210526315,201.42105263157896,99.63157894736842
711,2004.0,CHI,27.238095238095237,202.14285714285714,98.47619047619048
712,2004.0,CLE,25.047619047619047,203.9047619047619,102.61904761904762
713,2004.0,DAL,28.071428571428573,200.57142857142858,98.64285714285714
714,2004.0,DEN,26.066666666666666,202.13333333333333,99.2
715,2004.0,DET,28.294117647058822,199.76470588235293,94.6470588235294
716,2004.0,GSW,27.944444444444443,200.0,100.72222222222223
717,2004.0,HOU,28.941176470588236,198.41176470588235,99.88235294117646
718,2004.0,IND,26.642857142857142,201.42857142857142,96.21428571428571
719,2004.0,LAC,26.352941176470587,201.58823529411765,101.23529411764706
720,2004.0,LAL,28.294117647058822,200.94117647058823,101.6470588235294
721,2004.0,MEM,25.625,200.1875,98.5
722,2004.0,MIA,26.705882352941178,202.88235294117646,102.58823529411765
723,2004.0,MIL,26.5,203.9375,100.375
724,2004.0,MIN,28.764705882352942,196.76470588235293,95.52941176470588
725,2004.0,NJN,28.42105263157895,198.10526315789474,92.78947368421052
726,2004.0,NOH,29.6875,198.75,98.5
727,2004.0,NYK,28.454545454545453,202.3181818181818,98.04545454545455
728,2004.0,ORL,25.761904761904763,201.76190476190476,100.38095238095238
729,2004.0,PHI,27.571428571428573,198.92857142857142,97.78571428571429
730,2004.0,PHO,25.736842105263158,202.42105263157896,100.73684210526316
731,2004.0,POR,26.291666666666668,200.70833333333334,97.625
732,2004.0,SAC,28.76923076923077,201.53846153846155,99.15384615384616
733,2004.0,SAS,28.058823529411764,196.11764705882354,92.41176470588235
734,2004.0,SEA,25.928571428571427,201.85714285714286,100.57142857142857
735,2004.0,TOR,27.82608695652174,201.3913043478261,100.08695652173913
736,2004.0,UTA,25.944444444444443,203.61111111111111,102.16666666666667
737,2004.0,WAS,26.11764705882353,198.7058823529412,98.6470588235294
738,2005.0,ATL,28.0,198.3,97.05
739,2005.0,BOS,26.2,201.26666666666668,100.46666666666667
740,2005.0,CHA,25.473684210526315,199.89473684210526,99.42105263157895
741,2005.0,CHI,26.066666666666666,200.53333333333333,98.86666666666666
742,2005.0,CLE,26.3125,203.3125,105.5
743,2005.0,DAL,27.4375,202.75,98.625
744,2005.0,DEN,27.11764705882353,200.47058823529412,97.41176470588235
745,2005.0,DET,28.352941176470587,199.11764705882354,94.52941176470588
746,2005.0,GSW,26.38888888888889,200.72222222222223,98.22222222222223
747,2005.0,HOU,29.73913043478261,197.8695652173913,96.95652173913044
748,2005.0,IND,27.63157894736842,202.3684210526316,99.3157894736842
749,2005.0,LAC,26.555555555555557,198.11111111111111,94.94444444444444
750,2005.0,LAL,26.0625,201.5625,99.5625
751,2005.0,MEM,25.666666666666668,199.86666666666667,101.0
752,2005.0,MIA,28.176470588235293,203.41176470588235,102.82352941176471
753,2005.0,MIL,28.0,202.16666666666666,100.16666666666667
754,2005.0,MIN,28.857142857142858,198.07142857142858,94.28571428571429
755,2005.0,NJN,28.454545454545453,200.77272727272728,97.63636363636364
756,2005.0,NOH,26.545454545454547,199.72727272727272,100.5
757,2005.0,NYK,27.526315789473685,201.57894736842104,98.21052631578948
758,2005.0,ORL,27.11111111111111,201.66666666666666,100.72222222222223
759,2005.0,PHI,27.058823529411764,197.64705882352942,97.29411764705883
760,2005.0,PHO,25.333333333333332,201.38888888888889,98.55555555555556
761,2005.0,POR,25.705882352941178,200.47058823529412,97.82352941176471
762,2005.0,SAC,27.38888888888889,200.22222222222223,100.66666666666667
763,2005.0,SAS,28.41176470588235,199.47058823529412,96.11764705882354
764,2005.0,SEA,26.0,201.53333333333333,102.8
765,2005.0,TOR,27.125,202.6875,100.9375
766,2005.0,UTA,25.764705882352942,199.94117647058823,98.29411764705883
767,2005.0,WAS,25.933333333333334,200.0,97.86666666666666
768,2006.0,ATL,24.133333333333333,197.26666666666668,96.4
769,2006.0,BOS,24.944444444444443,201.05555555555554,102.22222222222223
770,2006.0,CHA,25.0625,199.9375,102.125
771,2006.0,CHI,25.57894736842105,200.78947368421052,100.36842105263158
772,2006.0,CLE,26.58823529411765,202.58823529411765,101.6470588235294
773,2006.0,DAL,27.3125,202.0625,99.4375
774,2006.0,DEN,27.736842105263158,199.05263157894737,98.15789473684211
775,2006.0,DET,27.470588235294116,200.41176470588235,98.52941176470588
776,2006.0,GSW,24.6,198.13333333333333,97.86666666666666
777,2006.0,HOU,28.095238095238095,198.61904761904762,96.80952380952381
778,2006.0,IND,27.333333333333332,201.73333333333332,99.8
779,2006.0,LAC,27.22222222222222,201.61111111111111,96.44444444444444
780,2006.0,LAL,25.352941176470587,203.05882352941177,103.0
781,2006.0,MEM,27.375,197.5,95.6875
782,2006.0,MIA,27.58823529411765,202.11764705882354,101.41176470588235
783,2006.0,MIL,27.133333333333333,201.13333333333333,97.33333333333333
784,2006.0,MIN,26.27777777777778,201.05555555555554,97.22222222222223
785,2006.0,NJN,27.941176470588236,198.41176470588235,94.94117647058823
786,2006.0,NOK,26.05263157894737,200.0,98.52631578947368
787,2006.0,NYK,26.57894736842105,200.89473684210526,102.05263157894737
788,2006.0,ORL,26.666666666666668,201.44444444444446,99.33333333333333
789,2006.0,PHI,25.823529411764707,202.64705882352942,99.94117647058823
790,2006.0,PHO,26.944444444444443,198.5,95.94444444444444
791,2006.0,POR,25.058823529411764,202.58823529411765,99.17647058823529
792,2006.0,SAC,26.666666666666668,200.4,100.4
793,2006.0,SAS,29.4,202.0,97.93333333333334
794,2006.0,SEA,26.105263157894736,200.68421052631578,100.05263157894737
795,2006.0,TOR,27.823529411764707,201.11764705882354,98.70588235294117
796,2006.0,UTA,25.133333333333333,198.53333333333333,97.93333333333334
797,2006.0,WAS,26.533333333333335,201.0,99.06666666666666
798,2007.0,ATL,24.63157894736842,197.31578947368422,95.6842105263158
799,2007.0,BOS,24.75,199.8125,102.0
800,2007.0,CHA,26.944444444444443,201.61111111111111,100.72222222222223
801,2007.0,CHI,26.0,200.57142857142858,98.57142857142857
802,2007.0,CLE,27.466666666666665,201.13333333333333,100.4
803,2007.0,DAL,28.3125,200.1875,99.75
804,2007.0,DEN,26.72222222222222,198.66666666666666,96.38888888888889
805,2007.0,DET,28.333333333333332,200.2,97.6
806,2007.0,GSW,24.9,198.7,96.1
807,2007.0,HOU,27.466666666666665,202.93333333333334,101.6
808,2007.0,IND,26.63157894736842,199.42105263157896,96.10526315789474
809,2007.0,LAC,26.894736842105264,199.78947368421052,96.6842105263158
810,2007.0,LAL,25.714285714285715,201.0,100.78571428571429
811,2007.0,MEM,26.333333333333332,199.33333333333334,97.66666666666667
812,2007.0,MIA,28.375,202.375,102.125
813,2007.0,MIL,25.0,199.58823529411765,97.88235294117646
814,2007.0,MIN,26.714285714285715,200.5,97.14285714285714
815,2007.0,NJN,26.666666666666668,200.46666666666667,97.53333333333333
816,2007.0,NOK,26.142857142857142,198.28571428571428,94.92857142857143
817,2007.0,NYK,25.8,201.13333333333333,104.8
818,2007.0,ORL,26.0,199.73333333333332,98.0
819,2007.0,PHI,26.38888888888889,203.0,98.11111111111111
820,2007.0,PHO,29.142857142857142,199.85714285714286,98.64285714285714
821,2007.0,POR,24.705882352941178,201.8235294117647,99.05882352941177
822,2007.0,SAC,27.214285714285715,199.21428571428572,98.92857142857143
823,2007.0,SAS,29.4375,202.0,100.6875
824,2007.0,SEA,25.875,200.1875,100.5625
825,2007.0,TOR,25.823529411764707,201.8235294117647,99.76470588235294
826,2007.0,UTA,25.0,198.06666666666666,98.0
827,2007.0,WAS,26.25,202.625,102.875
828,2008.0,ATL,25.125,196.6875,94.875
829,2008.0,BOS,28.466666666666665,201.8,101.8
830,2008.0,CHA,27.466666666666665,200.26666666666668,97.86666666666666
831,2008.0,CHI,25.36842105263158,201.52631578947367,99.05263157894737
832,2008.0,CLE,27.73913043478261,201.47826086956522,98.65217391304348
833,2008.0,DAL,28.2,201.8,101.55
834,2008.0,DEN,27.058823529411764,197.52941176470588,95.76470588235294
835,2008.0,DET,27.894736842105264,201.89473684210526,97.10526315789474
836,2008.0,GSW,25.5,201.72222222222223,99.44444444444444
837,2008.0,HOU,27.428571428571427,200.85714285714286,98.52380952380952
838,2008.0,IND,26.25,199.5625,98.125
839,2008.0,LAC,27.7,196.85,96.55
840,2008.0,LAL,26.05263157894737,202.3684210526316,102.26315789473684
841,2008.0,MEM,25.055555555555557,199.94444444444446,97.61111111111111
842,2008.0,MIA,27.227272727272727,201.5,99.81818181818181
843,2008.0,MIL,26.5,202.57142857142858,101.64285714285714
844,2008.0,MIN,26.125,200.125,101.125
845,2008.0,NJN,27.4,199.25,99.2
846,2008.0,NOH,28.0,199.86666666666667,97.93333333333334
847,2008.0,NYK,25.933333333333334,200.46666666666667,104.53333333333333
848,2008.0,ORL,26.9375,200.1875,99.25
849,2008.0,PHI,25.933333333333334,203.26666666666668,100.0
850,2008.0,PHO,29.125,201.5625,102.5
851,2008.0,POR,23.857142857142858,201.14285714285714,97.14285714285714
852,2008.0,SAC,26.944444444444443,199.38888888888889,98.05555555555556
853,2008.0,SAS,29.142857142857142,198.71428571428572,94.52380952380952
854,2008.0,SEA,27.0,200.0952380952381,97.14285714285714
855,2008.0,TOR,27.352941176470587,202.35294117647058,98.41176470588235
856,2008.0,UTA,25.266666666666666,198.6,98.2
857,2008.0,WAS,26.23076923076923,200.53846153846155,98.76923076923077
858,2009.0,ATL,25.133333333333333,199.0,98.93333333333334
859,2009.0,BOS,26.8125,201.125,101.1875
860,2009.0,CHA,25.916666666666668,202.54166666666666,102.04166666666667
861,2009.0,CHI,26.57894736842105,201.6315789473684,97.10526315789474
862,2009.0,CLE,26.75,203.5,103.75
863,2009.0,DAL,27.75,201.6875,101.25
864,2009.0,DEN,28.0,198.41176470588235,96.52941176470588
865,2009.0,DET,27.4,199.46666666666667,97.4
866,2009.0,GSW,24.294117647058822,200.52941176470588,98.0
867,2009.0,HOU,28.125,201.0,102.125
868,2009.0,IND,26.714285714285715,202.35714285714286,98.92857142857143
869,2009.0,LAC,26.894736842105264,201.68421052631578,100.42105263157895
870,2009.0,LAL,26.25,202.4375,99.75
871,2009.0,MEM,24.8,202.2,99.46666666666667
872,2009.0,MIA,26.27777777777778,199.38888888888889,95.72222222222223
873,2009.0,MIL,28.1875,199.0,97.8125
874,2009.0,MIN,26.58823529411765,198.88235294117646,99.3529411764706
875,2009.0,NJN,25.533333333333335,202.13333333333333,100.13333333333334
876,2009.0,NOH,29.133333333333333,200.86666666666667,98.06666666666666
877,2009.0,NYK,26.08695652173913,202.0,102.17391304347827
878,2009.0,OKC,25.65,201.95,99.45
879,2009.0,ORL,27.875,198.6875,95.75
880,2009.0,PHI,27.384615384615383,202.53846153846155,102.38461538461539
881,2009.0,PHO,27.11111111111111,200.11111111111111,99.44444444444444
882,2009.0,POR,24.2,203.93333333333334,100.4
883,2009.0,SAC,26.80952380952381,199.66666666666666,98.38095238095238
884,2009.0,SAS,28.7,199.0,97.75
885,2009.0,TOR,26.31578947368421,201.42105263157896,99.89473684210526
886,2009.0,UTA,25.666666666666668,198.8,99.53333333333333
887,2009.0,WAS,26.823529411764707,200.64705882352942,98.23529411764706
888,2010.0,ATL,26.571428571428573,200.57142857142858,99.78571428571429
889,2010.0,BOS,28.0,197.68421052631578,98.47368421052632
890,2010.0,CHA,27.263157894736842,200.42105263157896,97.10526315789474
891,2010.0,CHI,26.944444444444443,199.94444444444446,96.72222222222223
892,2010.0,CLE,27.055555555555557,202.44444444444446,103.22222222222223
893,2010.0,DAL,29.333333333333332,201.5,100.11111111111111
894,2010.0,DEN,27.615384615384617,199.3846153846154,100.53846153846153
895,2010.0,DET,26.857142857142858,200.85714285714286,98.42857142857143
896,2010.0,GSW,26.35,200.9,97.7
897,2010.0,HOU,25.952380952380953,201.04761904761904,100.0952380952381
898,2010.0,IND,26.466666666666665,201.33333333333334,99.6
899,2010.0,LAC,27.05263157894737,200.05263157894737,98.84210526315789
900,2010.0,LAL,27.416666666666668,200.75,98.75
901,2010.0,MEM,25.0,201.0,97.05882352941177
902,2010.0,MIA,27.333333333333332,199.13333333333333,97.46666666666667
903,2010.0,MIL,28.0,201.0,98.77777777777777
904,2010.0,MIN,25.0625,203.1875,103.375
905,2010.0,NJN,26.529411764705884,200.64705882352942,97.70588235294117
906,2010.0,NOH,27.8125,199.5,98.3125
907,2010.0,NYK,25.8,201.1,98.1
908,2010.0,OKC,25.166666666666668,198.66666666666666,97.27777777777777
909,2010.0,ORL,27.833333333333332,200.25,100.58333333333333
910,2010.0,PHI,26.25,201.6875,100.1875
911,2010.0,PHO,26.866666666666667,201.53333333333333,98.8
912,2010.0,POR,25.789473684210527,202.8421052631579,99.05263157894737
913,2010.0,SAC,25.35,201.75,102.05
914,2010.0,SAS,28.11764705882353,200.52941176470588,98.88235294117646
915,2010.0,TOR,25.666666666666668,202.46666666666667,101.6
916,2010.0,UTA,24.666666666666668,197.86666666666667,96.66666666666667
917,2010.0,WAS,27.208333333333332,199.79166666666666,98.41666666666667
918,2011.0,ATL,27.470588235294116,199.8235294117647,98.29411764705883
919,2011.0,BOS,27.904761904761905,200.42857142857142,102.04761904761905
920,2011.0,CHA,26.842105263157894,200.31578947368422,99.15789473684211
921,2011.0,CHI,27.466666666666665,202.8,101.06666666666666
922,2011.0,CLE,26.210526315789473,201.89473684210526,102.36842105263158
923,2011.0,DAL,28.444444444444443,204.05555555555554,101.38888888888889
924,2011.0,DEN,27.210526315789473,199.73684210526315,101.52631578947368
925,2011.0,DET,27.23076923076923,202.07692307692307,99.61538461538461
926,2011.0,GSW,25.823529411764707,201.05882352941177,96.82352941176471
927,2011.0,HOU,25.85,201.35,100.05
928,2011.0,IND,26.133333333333333,202.46666666666667,100.8
929,2011.0,LAC,26.235294117647058,200.1764705882353,102.41176470588235
930,2011.0,LAL,28.933333333333334,202.4,100.86666666666666
931,2011.0,MEM,25.473684210526315,201.68421052631578,100.89473684210526
932,2011.0,MIA,30.294117647058822,200.76470588235293,102.76470588235294
933,2011.0,MIL,27.5,199.625,99.0625
934,2011.0,MIN,23.764705882352942,200.64705882352942,98.58823529411765
935,2011.0,NJN,25.818181818181817,201.27272727272728,99.27272727272727
936,2011.0,NOH,26.57894736842105,201.8421052631579,102.3157894736842
937,2011.0,NYK,25.95,197.85,95.7
938,2011.0,OKC,25.166666666666668,199.66666666666666,99.61111111111111
939,2011.0,ORL,28.41176470588235,199.94117647058823,100.0
940,2011.0,PHI,26.533333333333335,202.86666666666667,101.93333333333334
941,2011.0,PHO,27.68421052631579,202.1578947368421,101.15789473684211
942,2011.0,POR,27.444444444444443,202.33333333333334,100.16666666666667
943,2011.0,SAC,24.75,199.6875,98.5625
944,2011.0,SAS,27.45,199.95,97.95
945,2011.0,TOR,25.681818181818183,201.0,101.22727272727273
946,2011.0,UTA,26.294117647058822,201.0,101.47058823529412
947,2011.0,WAS,25.91304347826087,200.08695652173913,98.1304347826087
948,2012.0,ATL,29.3125,198.9375,97.25
949,2012.0,BOS,28.235294117647058,203.11764705882354,102.11764705882354
950,2012.0,CHA,26.1875,200.75,99.25
951,2012.0,CHI,28.0,201.42857142857142,98.0
952,2012.0,CLE,25.19047619047619,200.28571428571428,100.0952380952381
953,2012.0,DAL,29.4375,202.1875,100.0
954,2012.0,DEN,25.764705882352942,202.7058823529412,100.70588235294117
955,2012.0,DET,27.071428571428573,200.92857142857142,98.85714285714286
956,2012.0,GSW,25.7,201.25,99.95
957,2012.0,HOU,25.789473684210527,197.78947368421052,96.63157894736842
958,2012.0,IND,26.6,201.66666666666666,101.86666666666666
959,2012.0,LAC,27.22222222222222,198.83333333333334,100.11111111111111
960,2012.0,LAL,27.5,200.625,98.875
961,2012.0,MEM,26.529411764705884,198.94117647058823,99.29411764705883
962,2012.0,MIA,28.4375,202.0625,103.4375
963,2012.0,MIL,25.8125,199.5,97.25
964,2012.0,MIN,24.866666666666667,202.66666666666666,100.66666666666667
965,2012.0,NJN,26.09090909090909,197.1818181818182,97.13636363636364
966,2012.0,NOH,25.454545454545453,200.22727272727272,101.22727272727273
967,2012.0,NYK,26.88235294117647,200.88235294117646,99.6470588235294
968,2012.0,OKC,26.125,198.875,99.6875
969,2012.0,ORL,26.625,198.875,98.9375
970,2012.0,PHI,26.125,203.6875,103.0625
971,2012.0,PHO,28.53846153846154,199.07692307692307,97.15384615384616
972,2012.0,POR,26.72222222222222,200.33333333333334,98.5
973,2012.0,SAC,24.4,200.6,98.6
974,2012.0,SAS,26.952380952380953,199.95238095238096,101.0952380952381
975,2012.0,TOR,26.77777777777778,200.11111111111111,101.44444444444444
976,2012.0,UTA,26.133333333333333,198.33333333333334,98.26666666666667
977,2012.0,WAS,26.047619047619047,202.61904761904762,102.28571428571429
978,2013.0,ATL,26.88888888888889,199.83333333333334,99.16666666666667
979,2013.0,BOS,27.45,199.5,98.2
980,2013.0,BRK,27.529411764705884,201.94117647058823,100.47058823529412
981,2013.0,CHA,26.22222222222222,200.61111111111111,99.27777777777777
982,2013.0,CHI,28.0,199.86666666666667,95.8
983,2013.0,CLE,24.94736842105263,198.68421052631578,100.36842105263158
984,2013.0,DAL,28.608695652173914,198.04347826086956,98.52173913043478
985,2013.0,DEN,24.733333333333334,202.46666666666667,99.0
986,2013.0,DET,25.875,201.3125,101.6875
987,2013.0,GSW,25.125,200.8125,102.25
988,2013.0,HOU,24.3,198.7,97.2
989,2013.0,IND,25.8125,202.1875,101.9375
990,2013.0,LAC,29.133333333333333,199.53333333333333,98.8
991,2013.0,LAL,27.933333333333334,200.13333333333333,98.13333333333334
992,2013.0,MEM,25.5,201.1,100.55
993,2013.0,MIA,29.77777777777778,201.33333333333334,102.16666666666667
994,2013.0,MIL,26.764705882352942,199.2941176470588,96.94117647058823
995,2013.0,MIN,26.736842105263158,199.10526315789474,97.21052631578948
996,2013.0,NOH,24.736842105263158,201.31578947368422,99.10526315789474
997,2013.0,NYK,31.31578947368421,202.21052631578948,101.57894736842105
998,2013.0,OKC,25.75,201.1875,100.4375
999,2013.0,ORL,25.27777777777778,200.16666666666666,100.88888888888889
1000,2013.0,PHI,25.529411764705884,199.88235294117646,99.47058823529412
1001,2013.0,PHO,26.25,199.75,96.6875
1002,2013.0,POR,25.0,201.93333333333334,98.26666666666667
1003,2013.0,SAC,25.41176470588235,198.2941176470588,96.11764705882354
1004,2013.0,SAS,27.733333333333334,200.6,102.2
1005,2013.0,TOR,26.0,200.61111111111111,100.55555555555556
1006,2013.0,UTA,26.0,199.42857142857142,100.35714285714286
1007,2013.0,WAS,26.210526315789473,202.10526315789474,100.84210526315789
1008,2014.0,ATL,26.11111111111111,201.05555555555554,102.38888888888889
1009,2014.0,BOS,25.68421052631579,196.89473684210526,96.36842105263158
1010,2014.0,BRK,28.842105263157894,200.0,97.63157894736842
1011,2014.0,CHA,26.157894736842106,198.78947368421052,98.0
1012,2014.0,CHI,27.75,200.1,95.65
1013,2014.0,CLE,24.523809523809526,201.1904761904762,101.47619047619048
1014,2014.0,DAL,28.2,198.33333333333334,97.66666666666667
1015,2014.0,DEN,26.0,200.0,98.625
1016,2014.0,DET,25.6,200.13333333333333,99.86666666666666
1017,2014.0,GSW,26.333333333333332,200.5,98.38888888888889
1018,2014.0,HOU,25.38888888888889,198.16666666666666,95.05555555555556
1019,2014.0,IND,27.176470588235293,203.76470588235293,106.11764705882354
1020,2014.0,LAC,28.55,199.4,97.8
1021,2014.0,LAL,27.263157894736842,199.26315789473685,97.21052631578948
1022,2014.0,MEM,26.88888888888889,199.77777777777777,98.16666666666667
1023,2014.0,MIA,30.0,200.44444444444446,99.33333333333333
1024,2014.0,MIL,25.57894736842105,201.47368421052633,99.57894736842105
1025,2014.0,MIN,25.9375,203.0,101.875
1026,2014.0,NOP,25.571428571428573,203.28571428571428,101.80952380952381
1027,2014.0,NYK,27.88235294117647,200.11764705882354,99.47058823529412
1028,2014.0,OKC,27.22222222222222,200.88888888888889,100.44444444444444
1029,2014.0,ORL,24.875,200.8125,102.375
1030,2014.0,PHI,23.391304347826086,202.0,98.78260869565217
1031,2014.0,PHO,25.866666666666667,198.8,96.93333333333334
1032,2014.0,POR,25.4,201.33333333333334,97.4
1033,2014.0,SAC,25.863636363636363,199.0,98.86363636363636
1034,2014.0,SAS,28.0,201.0,100.0
1035,2014.0,TOR,26.157894736842106,202.31578947368422,102.26315789473684
1036,2014.0,UTA,25.823529411764707,199.1764705882353,97.47058823529412
1037,2014.0,WAS,26.647058823529413,203.8235294117647,101.0
1038,2015.0,ATL,27.0,200.9375,101.125
1039,2015.0,BOS,26.181818181818183,199.22727272727272,97.95454545454545
1040,2015.0,BRK,27.526315789473685,201.89473684210526,99.10526315789474
1041,2015.0,CHI,28.285714285714285,201.5,96.42857142857143
1042,2015.0,CHO,26.11764705882353,198.05882352941177,98.70588235294117
1043,2015.0,CLE,27.95,201.45,104.0
1044,2015.0,DAL,28.57894736842105,201.26315789473685,98.36842105263158
1045,2015.0,DEN,25.85,199.3,98.85
1046,2015.0,DET,27.0,200.75,99.6
1047,2015.0,GSW,27.071428571428573,201.14285714285714,99.57142857142857
1048,2015.0,HOU,26.65,199.6,97.05
1049,2015.0,IND,27.8125,204.0,105.625
1050,2015.0,LAC,28.05,196.95,94.25
1051,2015.0,LAL,25.88888888888889,199.94444444444446,99.77777777777777
1052,2015.0,MEM,27.68421052631579,199.3684210526316,98.10526315789474
1053,2015.0,MIA,27.523809523809526,198.95238095238096,96.85714285714286
1054,2015.0,MIL,24.85,199.9,98.55
1055,2015.0,MIN,25.96,202.92,102.28
1056,2015.0,NOP,25.476190476190474,198.8095238095238,95.57142857142857
1057,2015.0,NYK,27.25,199.6,98.15
1058,2015.0,OKC,25.523809523809526,201.33333333333334,101.0
1059,2015.0,ORL,24.933333333333334,200.6,98.0
1060,2015.0,PHI,23.708333333333332,199.875,96.25
1061,2015.0,PHO,25.695652173913043,198.17391304347825,96.17391304347827
1062,2015.0,POR,26.38888888888889,200.77777777777777,96.83333333333333
1063,2015.0,SAC,26.105263157894736,200.42105263157896,100.42105263157895
1064,2015.0,SAS,28.470588235294116,202.05882352941177,100.3529411764706
1065,2015.0,TOR,25.933333333333334,203.66666666666666,103.86666666666666
1066,2015.0,UTA,24.0,200.13636363636363,97.13636363636364
1067,2015.0,WAS,28.61111111111111,201.5,100.55555555555556
1068,2016.0,ATL,27.470588235294116,199.64705882352942,97.70588235294117
1069,2016.0,BOS,24.5,200.1875,101.0
1070,2016.0,BRK,26.0,199.94117647058823,97.29411764705883
1071,2016.0,CHI,27.5625,201.875,97.5625
1072,2016.0,CHO,25.941176470588236,200.11764705882354,98.05882352941177
1073,2016.0,CLE,28.833333333333332,200.16666666666666,100.77777777777777
1074,2016.0,DAL,29.1875,202.125,100.9375
1075,2016.0,DEN,25.526315789473685,202.10526315789474,99.84210526315789
1076,2016.0,DET,25.88235294117647,198.58823529411765,97.23529411764706
1077,2016.0,GSW,27.666666666666668,199.33333333333334,98.66666666666667
1078,2016.0,HOU,27.055555555555557,200.05555555555554,98.33333333333333
1079,2016.0,IND,25.9375,199.4375,98.75
1080,2016.0,LAC,28.823529411764707,199.05882352941177,98.3529411764706
1081,2016.0,LAL,26.428571428571427,203.57142857142858,102.42857142857143
1082,2016.0,MEM,27.857142857142858,198.42857142857142,96.03571428571429
1083,2016.0,MIA,28.57894736842105,200.3684210526316,98.42105263157895
1084,2016.0,MIL,24.647058823529413,202.41176470588235,101.76470588235294
1085,2016.0,MIN,27.0625,203.875,101.6875
1086,2016.0,NOP,26.666666666666668,196.38095238095238,95.33333333333333
1087,2016.0,NYK,26.75,201.25,100.0625
1088,2016.0,OKC,27.235294117647058,202.23529411764707,102.0
1089,2016.0,ORL,24.88235294117647,200.7058823529412,98.41176470588235
1090,2016.0,PHI,24.333333333333332,200.77777777777777,99.27777777777777
1091,2016.0,PHO,25.695652173913043,197.82608695652175,93.91304347826087
1092,2016.0,POR,24.625,200.25,96.5
1093,2016.0,SAC,26.4,200.53333333333333,99.86666666666666
1094,2016.0,SAS,31.058823529411764,202.94117647058823,103.58823529411765
1095,2016.0,TOR,25.375,200.6875,100.625
1096,2016.0,UTA,24.529411764705884,199.7058823529412,97.41176470588235
1097,2016.0,WAS,27.94736842105263,201.21052631578948,100.10526315789474
1098,2017.0,ATL,28.2,198.5,97.85
1099,2017.0,BOS,25.266666666666666,198.66666666666666,98.66666666666667
1100,2017.0,BRK,25.80952380952381,199.8095238095238,99.14285714285714
1101,2017.0,CHI,25.88888888888889,200.61111111111111,98.55555555555556
1102,2017.0,CHO,25.789473684210527,202.31578947368422,99.10526315789474
1103,2017.0,CLE,30.047619047619047,198.47619047619048,97.66666666666667
1104,2017.0,DAL,26.75,198.08333333333334,95.04166666666667
1105,2017.0,DEN,25.473684210526315,202.52631578947367,102.94736842105263
1106,2017.0,DET,25.466666666666665,199.93333333333334,99.46666666666667
1107,2017.0,GSW,28.125,200.8125,98.25
1108,2017.0,HOU,26.0,200.44444444444446,96.83333333333333
1109,2017.0,IND,26.9375,198.5,100.25
1110,2017.0,LAC,29.5,199.57142857142858,100.71428571428571
1111,2017.0,LAL,26.11764705882353,201.88235294117646,97.47058823529412
1112,2017.0,MEM,27.235294117647058,200.52941176470588,99.52941176470588
1113,2017.0,MIA,26.6,199.73333333333332,98.86666666666666
1114,2017.0,MIL,26.0,204.10526315789474,100.6842105263158
1115,2017.0,MIN,25.6875,201.25,98.9375
1116,2017.0,NOP,25.807692307692307,200.80769230769232,98.8076923076923
1117,2017.0,NYK,26.625,201.9375,96.9375
1118,2017.0,OKC,25.94736842105263,201.0,97.73684210526316
1119,2017.0,ORL,25.473684210526315,203.52631578947367,101.42105263157895
1120,2017.0,PHI,24.714285714285715,202.61904761904762,100.19047619047619
1121,2017.0,PHO,25.666666666666668,198.94444444444446,95.77777777777777
1122,2017.0,POR,24.333333333333332,202.13333333333333,98.93333333333334
1123,2017.0,SAC,26.736842105263158,199.8421052631579,98.21052631578948
1124,2017.0,SAS,28.75,201.125,98.125
1125,2017.0,TOR,25.11764705882353,201.58823529411765,100.23529411764706
1126,2017.0,UTA,26.2,201.66666666666666,99.2
1127,2017.0,WAS,25.666666666666668,200.05555555555554,95.72222222222223
